{"lambda_cost":1.0000000000000004e-06,"robust_episodic_return":3.8187082704287914,"kl_predictor":29.55350112915039,"min_true_reward":-1.2338241338729858,"alpha_loss":-0.9605147838592529,"prior_entropy":15.55282211303711,"eval/episodic_return":3931.0118560330325,"eval/kl_target_bits":60,"max_q_target":378.1358337402344,"actor_loss":-311.04449462890625,"dual_loss":-420.63392660327014,"mean_true_reward":3.3884170055389404,"episodic_length":1000,"mean_q_target":310.48614501953125,"max_true_reward":5.425705909729004,"duration_step":0.01472330093383789,"actor_entropy":2.504087448120117,"episodic_return":3995.858494578294,"alpha":0.06689150631427765,"posterior_entropy":-14.138345718383789,"critic_loss":13.021681785583496,"min_q_target":7.24481201171875,"_runtime":18590.961971628,"eval/episodic_length":1000,"_timestamp":1.760695721253347e+09,"_wandb":{"runtime":18590},"eval/video":{"size":1923823,"path":"media/videos/eval/video_999999_99602ea46615999c34e9.mp4","_type":"video-file","sha256":"99602ea46615999c34e91049fc3880781cb7f21c67b3fdaaef9b8d90d3f57355"},"robust_episodic_length":1,"_step":1000000,"variance_q_target":4253.173828125,"eval/video_path":"videos/Walker2d-v5/2025-10-17_00-58-49_RPC_Walker2d-v5_seed_2_kl_60_88081gf9/eval_step999999_kl60.0.mp4","env_buffer_length":999791}