{"env_buffer_length":20200,"min_true_reward":-2.75673770904541,"eval/episodic_return":74.311696304787,"_timestamp":1.7605587233425288e+09,"eval/kl_target_bits":1,"critic_loss":13.56374740600586,"actor_entropy":4.2431182861328125,"mean_true_reward":0.45735660195350647,"max_q_target":101.32994842529297,"_wandb":{"runtime":139},"episodic_length":114,"mean_q_target":74.06647491455078,"eval/video":{"_type":"video-file","sha256":"2b6ff5ef9ff273157098a8e72d6bfddad74c3bb81e805c0741eae1a9530b5c0d","size":326402,"path":"media/videos/eval/video_19999_2b6ff5ef9ff273157098.mp4"},"robust_episodic_return":-0.4066787447199758,"robust_episodic_length":0.2,"eval/episodic_length":126.6,"duration_step":0.010194540023803711,"min_q_target":-2.7574591636657715,"_runtime":139.592676593,"_step":20199,"episodic_return":206.9563206987621,"actor_loss":-76.55235290527344,"max_true_reward":3.5868911743164062,"variance_q_target":358.3455810546875,"eval/video_path":"videos/Walker2d-v5/RPC_1_kl1.0_RPC_1_kl1-miwxa6ks/eval_step19999_kl1.0.mp4","alpha":0.068510040640831,"alpha_loss":-8.17604923248291}