{"_wandb":{"runtime":3},"_runtime":3.359919705,"_step":9996,"episodic_length":12,"episodic_return":-3.3681882079563588,"env_buffer_length":9997,"_timestamp":1.7606354651189156e+09}