{"eval/video":{"_type":"video-file","sha256":"97e15c5ac57aec5ef92e3b61cbcd6f70c62c9e95dbf71b0fbf3cf0361304ee91","size":93099,"path":"media/videos/eval/video_9999_97e15c5ac57aec5ef92e.mp4"},"_runtime":2.292064858,"eval/episodic_length":121,"robust_episodic_length":1,"_step":9999,"eval/episodic_return":144.97453054987778,"eval/video_path":"videos/Walker2d-v5/RPC_1_kl1.0_RPC_1_kl1_livch1vf/eval_step9999_kl1.0.mp4","eval/kl_target_bits":1,"robust_episodic_return":2.3403155703176726,"_wandb":{"runtime":2},"_timestamp":1.7605853548235164e+09}