{"alpha_loss":-2.7750096321105957,"env_buffer_length":11003,"actor_loss":-17.288509368896484,"dual_loss":90.0669236484381,"episodic_return":88.97247828650525,"actor_entropy":7.598377704620361,"eval/video":{"size":93403,"path":"media/videos/eval/video_9999_189b4b14460685149570.mp4","_type":"video-file","sha256":"189b4b14460685149570b7ddd5d2361d8c311380273116add306c749404161ad"},"max_true_reward":1.4405810832977295,"episodic_length":188,"variance_q_target":21.373693466186523,"_step":11002,"prior_entropy":-1.0456477403640747,"lambda_cost":2.6015619828646526e-05,"mean_q_target":13.515813827514648,"eval/video_path":"videos/Walker2d-v5/RPC_1_kl1.0_RPC_1_kl1_eguhiko3/eval_step9999_kl1.0.mp4","alpha":0.74041748046875,"_wandb":{"runtime":19},"eval/episodic_length":121,"posterior_entropy":-9.763420104980469,"eval/episodic_return":144.97453054987778,"eval/kl_target_bits":1,"robust_episodic_return":2.3403030584008904,"duration_step":0.013509750366210938,"_timestamp":1.760590433395774e+09,"critic_loss":1.708547830581665,"mean_true_reward":0.15242716670036316,"min_q_target":-1.6995829343795776,"robust_episodic_length":1,"max_q_target":21.65224266052246,"kl_predictor":9.53062629699707,"_runtime":19.295967793,"min_true_reward":-1.6993849277496338}