{"max_true_reward":6.840356826782227,"_timestamp":1.760677126478503e+09,"env_buffer_length":999015,"min_q_target":4.596290588378906,"min_true_reward":-1.1834946870803833,"eval/kl_target_bits":5,"kl_predictor":5.168525218963623,"lambda_cost":0.024254465161429435,"_step":1000000,"max_q_target":488.72613525390625,"dual_loss":0.626769223014962,"mean_q_target":398.71453857421875,"robust_episodic_length":1,"robust_episodic_return":5.110708897823752,"actor_loss":-398.9239196777344,"posterior_entropy":1.9761736392974854,"variance_q_target":6852.97802734375,"eval/video_path":"videos/Walker2d-v5/2025-10-16_19-07-45_RPC_Walker2d-v5_seed_2_kl_5_ox93ngao/eval_step999999_kl5.0.mp4","alpha_loss":0.19404098391532898,"mean_true_reward":4.021895885467529,"actor_entropy":1.745550513267517,"alpha":0.060837242752313614,"critic_loss":8.934415817260742,"eval/episodic_return":5118.84817712181,"duration_step":0.016721725463867188,"_wandb":{"runtime":21059},"prior_entropy":6.963725566864014,"episodic_return":5106.493402773737,"episodic_length":1000,"eval/episodic_length":1000,"_runtime":21059.922219229,"eval/video":{"sha256":"cfd60df92ffe88c52fd8f497aeefe0becbbafcdb3f7e759b54c225eb6fc4c1ed","size":1896301,"path":"media/videos/eval/video_999999_cfd60df92ffe88c52fd8.mp4","_type":"video-file"}}