{"duration_step":0.04942798614501953,"robust_episodic_length":1,"max_true_reward":2.6979212760925293,"alpha_loss":-7.5597028732299805,"mean_true_reward":0.21091428399085999,"alpha":0.3269679844379425,"actor_entropy":6.712623119354248,"kl_predictor":14.18777084350586,"variance_q_target":211.79275512695312,"actor_loss":-51.412071228027344,"min_q_target":-7.345269203186035,"_step":24128,"eval/video":{"sha256":"c35b5ea12fa6cb9d89c0bf5ada9c829f7cff75ccd6611ba7a4ff067f143f98bc","size":132003,"path":"media/videos/eval/video_19999_c35b5ea12fa6cb9d89c0.mp4","_type":"video-file"},"_wandb":{"runtime":261},"max_q_target":67.37391662597656,"eval/episodic_length":105,"eval/episodic_return":87.66811774008754,"env_buffer_length":24129,"episodic_return":36.19501211113268,"episodic_length":149,"critic_loss":7.19316291809082,"eval/kl_target_bits":0.3,"eval/video_path":"videos/Walker2d-v5/RPC_1_kl0.3_RPC_1_kl0.3_h9nsa1qp/eval_step19999_kl0.3.mp4","posterior_entropy":-11.45279598236084,"dual_loss":97.03078115305168,"min_true_reward":-1.7662708759307861,"_runtime":261.412838426,"lambda_cost":0.0009249407402275413,"mean_q_target":47.665199279785156,"_timestamp":1.760590705215081e+09,"robust_episodic_return":-0.38286184109111987,"prior_entropy":3.3146629333496094}