{"max_true_reward":1.3900690078735352,"_runtime":32.960310384,"eval/video":{"_type":"video-file","sha256":"4fc684c95418af89a14ccf5fd37d9b0c54a10cd73df160ca68124adaa5ce2fe2","size":132169,"path":"media/videos/eval/video_19999_4fc684c95418af89a14c.mp4"},"actor_loss":-21.521461486816406,"_timestamp":1.760590829157199e+09,"alpha":0.6428155899047852,"mean_true_reward":0.006788857281208038,"robust_episodic_length":1,"kl_predictor":10.625483512878418,"max_q_target":29.4478702545166,"critic_loss":4.285244464874268,"min_q_target":-1.9134751558303833,"variance_q_target":56.853271484375,"mean_q_target":17.70777130126953,"_step":21631,"dual_loss":95.62871235117821,"robust_episodic_return":-0.38286184109111987,"min_true_reward":-1.959248661994934,"prior_entropy":-1.3341935873031616,"eval/video_path":"videos/Walker2d-v5/RPC_1_kl1.0_RPC_1_kl1_zphg4hga/eval_step19999_kl1.0.mp4","episodic_return":-13.548352092011784,"actor_entropy":7.5057291984558105,"duration_step":0.012689828872680664,"_wandb":{"runtime":32},"env_buffer_length":21632,"eval/kl_target_bits":1,"eval/episodic_return":87.66811774008754,"posterior_entropy":-11.708749771118164,"eval/episodic_length":105,"lambda_cost":4.85106080142477e-05,"alpha_loss":-3.8969883918762207,"episodic_length":112}