{"variance_q_target":1040.9964599609375,"max_true_reward":6.1819562911987305,"kl_predictor":120.7632827758789,"_runtime":1163.708499036,"mean_true_reward":1.4248707294464111,"_step":105004,"alpha":0.040201518684625626,"eval/video":{"_type":"video-file","sha256":"1b82c85dd15da73c93b1d2c0dfff2d32a9abce718e9094aa208e3d205461a376","size":381295,"path":"media/videos/eval/video_99999_1b82c85dd15da73c93b1.mp4"},"eval/video_path":"videos/Walker2d-v5/RPC_1_kl-1.0_RPC_1_kl-1_d5dw1v3m/eval_step99999_kl-1.0.mp4","min_true_reward":-1.5367544889450073,"robust_episodic_length":1,"max_q_target":182.942626953125,"posterior_entropy":-14.13833999633789,"_wandb":{"runtime":1163},"alpha_loss":-1.7213395833969116,"robust_episodic_return":2.687887251479448,"min_q_target":-5.312553882598877,"prior_entropy":17.674741744995117,"critic_loss":18.39034080505371,"duration_step":0.01079559326171875,"actor_loss":-122.73440551757812,"eval/kl_target_bits":-1,"env_buffer_length":105005,"_timestamp":1.7605896647312913e+09,"eval/episodic_length":235,"eval/episodic_return":519.6691166544786,"episodic_return":272.8105562527612,"mean_q_target":121.96784210205078,"actor_entropy":2.3633601665496826,"episodic_length":119}