{"episodic_length":1000,"_step":9999,"env_buffer_length":9001,"_wandb":{"runtime":29},"episodic_return":-231.6661116969552,"_timestamp":1.7592837210203912e+09,"eval/episodic_return":-4.491205550518624,"_runtime":29.693965619,"eval/episodic_length":1000}