{"episodic_length":256,"_runtime":49.215065757,"eval/video_path":"videos/Walker2d-v5/RPC_1_kl1.0_ctfz8hjo/eval_step9999_kl1.0.mp4","robust_episodic_return":0.47066186109703806,"mean_q_target":41.08807373046875,"duration_step":0.01297616958618164,"max_q_target":63.8021354675293,"alpha":0.37549707293510437,"_step":13500,"eval/kl_target_bits":1,"eval/episodic_length":121,"actor_loss":-46.12990951538086,"min_q_target":-6.454542636871338,"min_true_reward":-2.0501868724823,"_wandb":{"runtime":49},"eval/video":{"size":93505,"path":"media/videos/eval/video_9999_35f0bbd7f03579b4048d.mp4","_type":"video-file","sha256":"35f0bbd7f03579b4048d07b7902b4c4513405dc4ade6d7719f8b38bff05273c3"},"alpha_loss":-6.706639289855957,"robust_episodic_length":0.2,"episodic_return":374.82982656785265,"actor_entropy":6.648068904876709,"mean_true_reward":0.1904858648777008,"_timestamp":1.7605559047516854e+09,"critic_loss":11.48914909362793,"env_buffer_length":13483,"eval/episodic_return":144.97453054987778,"variance_q_target":197.0543975830078,"max_true_reward":3.3847568035125732}