{"_runtime":7.016787607,"episodic_return":-1.8252316249327785,"env_buffer_length":289,"_timestamp":1.7593320012893646e+09,"_step":288,"episodic_length":14,"_wandb":{"runtime":7}}