{"eval/episodic_length":121,"critic_loss":3.2066688537597656,"_step":12051,"actor_entropy":7.080386161804199,"min_true_reward":-1.555441975593567,"_runtime":34.391267469,"alpha_loss":-4.500611782073975,"eval/video":{"size":93220,"path":"media/videos/eval/video_9999_b4c00368ee189fcf3bcb.mp4","_type":"video-file","sha256":"b4c00368ee189fcf3bcb911d578a0ac98d42a599d8a0e582a8eec8cb33f0f1b7"},"eval/video_path":"videos/Walker2d-v5/RPC_1_kl1.0_RPC_1_kl1_f6s3n4d7/eval_step9999_kl1.0.mp4","episodic_return":345.1735749414853,"robust_episodic_length":1,"variance_q_target":70.93168640136719,"dual_loss":107.66249961578501,"mean_true_reward":0.1561651974916458,"max_q_target":37.76200485229492,"kl_predictor":12.569238662719727,"prior_entropy":-0.5675268173217773,"duration_step":0.012736320495605469,"robust_episodic_return":2.3403155703176726,"min_q_target":-1.5564230680465698,"_timestamp":1.7605844823606482e+09,"max_true_reward":1.927148461341858,"env_buffer_length":12052,"lambda_cost":9.100052615194646e-05,"alpha":0.5610025525093079,"mean_q_target":24.91353416442871,"actor_loss":-29.38412857055664,"episodic_length":258,"eval/kl_target_bits":1,"_wandb":{"runtime":34},"posterior_entropy":-12.612781524658203,"eval/episodic_return":144.97453054987778}