{"mean_q_target":90.60431671142578,"robust_episodic_length":0.2,"episodic_return":310.2930804819619,"eval/video_path":"videos/Walker2d-v5/RPC_24_kl0.1_80we00fi/eval_step499999_kl0.1.mp4","_timestamp":1.7592972637536025e+09,"actor_loss":-90.72196197509766,"actor_entropy":1.1963196992874146,"max_q_target":117.8619613647461,"eval/video":{"_type":"video-file","sha256":"870235a6d61256451c0ad8fc3623ed4c5ee017bd36a908da631074da675bedde","size":149349,"path":"media/videos/eval/video_499999_870235a6d61256451c0a.mp4"},"max_true_reward":3.955099582672119,"_wandb":{"runtime":35796},"dual_loss":-3.282866678959841e-05,"eval/episodic_length":175.4,"duration_step":0.06131267547607422,"_runtime":35796.997918384,"min_q_target":-20.81403350830078,"mean_true_reward":1.5743530988693237,"env_buffer_length":499961,"critic_loss":1.0952744483947754,"robust_episodic_return":0.49644761073556387,"prior_entropy":5.240179538726807,"kl_predictor":0.08429588377475739,"episodic_length":193,"alpha":0.008590632118284702,"min_true_reward":-0.705302357673645,"lambda_cost":0.9976491028121078,"_step":499999,"variance_q_target":1063.236328125,"eval/kl_target_bits":0.1,"eval/episodic_return":288.05357255818507,"alpha_loss":-2.8670504093170166,"posterior_entropy":5.155116081237793}