{"duration_step":0.05976104736328125,"posterior_entropy":0.8526765704154968,"robust_episodic_return":0.7923602205270643,"max_q_target":262.4819030761719,"env_buffer_length":499906,"actor_entropy":2.499823570251465,"mean_q_target":165.60890197753906,"actor_loss":-165.02757263183594,"episodic_return":965.0786169856814,"robust_episodic_length":0.2,"min_q_target":-15.539946556091309,"_wandb":{"runtime":36493},"critic_loss":12.81570816040039,"eval/episodic_length":277.8,"_timestamp":1.7593340301535313e+09,"kl_predictor":0.2830650806427002,"alpha":0.04634915292263031,"alpha_loss":-0.15592136979103088,"_runtime":36493.996592667,"dual_loss":0.001633770689258367,"mean_true_reward":3.032919406890869,"eval/video_path":"videos/Walker2d-v5/RPC_24_kl0.3_e2mfrnnq/eval_step499999_kl0.3.mp4","lambda_cost":1.1013509057030761,"prior_entropy":1.1792513132095337,"eval/video":{"sha256":"3c90aa8dca393bc74af9a76b1e85f2049840807fb78bad34a8c6d4727913600b","size":446144,"path":"media/videos/eval/video_499999_3c90aa8dca393bc74af9.mp4","_type":"video-file"},"episodic_length":268,"min_true_reward":-0.705302357673645,"eval/episodic_return":972.018193022512,"eval/kl_target_bits":0.3,"max_true_reward":6.0399580001831055,"variance_q_target":4880.19384765625,"_step":499999}