{"robust_episodic_length":0.2,"eval/episodic_length":154,"_runtime":497.597221254,"actor_entropy":4.843346118927002,"critic_loss":10.459037780761719,"mean_q_target":117.81936645507812,"prior_entropy":7.347452640533447,"robust_episodic_return":0.28074563132273905,"kl_predictor":29.285198211669922,"_timestamp":1.7587365618681347e+09,"_wandb":{"runtime":497},"_step":34999,"lambda_cost":0.002121015762802882,"max_true_reward":3.7078633308410645,"env_buffer_length":34991,"eval/video_path":"videos/Walker2d-v5_RPC_kl30.0_4m9m0wbx/eval_step34999_kl30.0.mp4","min_q_target":-7.185519695281982,"duration_step":0.015727996826171875,"actor_loss":-119.04145812988281,"episodic_return":373.4899368312863,"posterior_entropy":-22.54064178466797,"eval/kl_target_bits":30,"mean_true_reward":1.384689211845398,"eval/video":{"sha256":"6978fb0eed80b05c3373d744e37cc5bdb9bc9d39825626363ff1e94d670e8053","size":190326,"path":"media/videos/eval/video_34999_6978fb0eed80b05c3373.mp4","_type":"video-file"},"dual_loss":-4.400079917366273,"episodic_length":223,"eval/episodic_return":289.519499133012,"variance_q_target":1477.526123046875,"min_true_reward":-1.5887267589569092,"max_q_target":171.58518981933594}