{"mean_q_target":278.0413818359375,"min_q_target":27.216684341430664,"min_true_reward":-1.8363555669784546,"alpha_loss":-0.1525096297264099,"robust_episodic_length":0.2,"mean_true_reward":2.7959535121917725,"lambda_cost":0.006174487078425959,"actor_loss":-278.81243896484375,"eval/kl_target_bits":10,"env_buffer_length":499647,"max_true_reward":6.0081987380981445,"dual_loss":1.4360357192452575,"eval/episodic_length":1000,"duration_step":0.054445743560791016,"episodic_return":3906.5621121365534,"episodic_length":1000,"eval/episodic_return":3798.896425851485,"posterior_entropy":-6.950469970703125,"actor_entropy":2.001338243484497,"max_q_target":375.1577453613281,"prior_entropy":3.351746082305908,"_step":499999,"_runtime":18902.135013834,"eval/video":{"_type":"video-file","sha256":"ba287b0ec4e56d4fa51a6a670efa88711f6d8b560ca9b61e4a5be2b818b4a32c","size":1790315,"path":"media/videos/eval/video_499999_ba287b0ec4e56d4fa51a.mp4"},"alpha":0.059953395277261734,"variance_q_target":5600.85693359375,"critic_loss":13.967178344726562,"robust_episodic_return":0.7812315306466928,"_timestamp":1.7594111425114434e+09,"_wandb":{"runtime":18902},"kl_predictor":10.282273292541504,"eval/video_path":"videos/Walker2d-v5/RPC_24_kl10.0_t25saq5o/eval_step499999_kl10.0.mp4"}