{"eval/kl_target_bits":1,"max_true_reward":1.8482422828674316,"kl_predictor":7.044296741485596,"critic_loss":1.1892696619033813,"robust_episodic_return":2.3403155703176726,"_runtime":10.033637328,"duration_step":0.01310586929321289,"min_q_target":-1.6309854984283447,"mean_q_target":8.125537872314453,"eval/video":{"size":93022,"path":"media/videos/eval/video_9999_0d3af7ef96fec2b61f7c.mp4","_type":"video-file","sha256":"0d3af7ef96fec2b61f7c8fea907533fc2fc934ff9739fe69a4250f31db828a03"},"_timestamp":1.76058790151145e+09,"max_q_target":13.940577507019043,"dual_loss":67.23341405721408,"variance_q_target":7.783512592315674,"eval/episodic_return":144.97453054987778,"episodic_return":7.362831568268442,"_step":10500,"eval/video_path":"videos/Walker2d-v5/RPC_1_kl1.0_RPC_1_klNA_0sxa5vit/eval_step9999_kl1.0.mp4","alpha":0.8570400476455688,"min_true_reward":-1.6308878660202026,"actor_loss":-11.592700958251953,"eval/episodic_length":121,"robust_episodic_length":1,"alpha_loss":-1.5281046628952026,"lambda_cost":1.477693027791984e-05,"prior_entropy":1.2697497606277466,"actor_entropy":7.9781975746154785,"posterior_entropy":-4.91328763961792,"episodic_length":32,"mean_true_reward":0.16009986400604248,"_wandb":{"runtime":10},"env_buffer_length":980}