{"_runtime":3.161573127,"episodic_return":-3.36818820795637,"env_buffer_length":9997,"_timestamp":1.7605880065774796e+09,"_step":9996,"episodic_length":12,"_wandb":{"runtime":3}}