{"eval/video_path":"videos/Walker2d-v5/RPC_93_kl1.0_mr99lua5/eval_step499999_kl1.0.mp4","_step":499999,"_timestamp":1.7593528679825265e+09,"_runtime":19884.387050783,"alpha":0.05560005083680153,"kl_predictor":0.9805848598480225,"variance_q_target":5527.05810546875,"min_true_reward":-0.8623223900794983,"prior_entropy":1.117530107498169,"robust_episodic_return":0.5456815394248338,"actor_entropy":1.9357188940048218,"actor_loss":-250.13113403320312,"mean_q_target":249.2017822265625,"dual_loss":-0.016843505465561088,"robust_episodic_length":0.2,"episodic_length":1000,"lambda_cost":0.41989949003347476,"duration_step":0.04877758026123047,"min_q_target":2.439970016479492,"critic_loss":14.02579116821289,"eval/episodic_length":1000,"episodic_return":4077.3081268086744,"_wandb":{"runtime":19884},"env_buffer_length":499971,"max_q_target":352.0091552734375,"eval/episodic_return":4007.679649335697,"mean_true_reward":3.0855937004089355,"eval/video":{"size":1802739,"path":"media/videos/eval/video_499999_8a9623a072df8c4bbe5c.mp4","_type":"video-file","sha256":"8a9623a072df8c4bbe5c18414ccc4b41274c97deda1d5981d4d7a047aec01b94"},"alpha_loss":0.07080566883087158,"max_true_reward":5.849815845489502,"eval/kl_target_bits":1,"posterior_entropy":0.1710374504327774}