{"prior_entropy":2.2551846504211426,"_runtime":1282.452212538,"posterior_entropy":-7.564531326293945,"_wandb":{"runtime":1282},"duration_step":0.01407933235168457,"mean_true_reward":1.5426337718963623,"max_true_reward":3.9710371494293213,"episodic_return":527.6191249203947,"dual_loss":-0.49255893857540783,"kl_predictor":9.909385681152344,"robust_episodic_length":0.2,"min_true_reward":-0.7301383018493652,"eval/episodic_length":222,"lambda_cost":0.004357587890577976,"eval/kl_target_bits":10,"actor_loss":-125.68190002441406,"_step":89017,"critic_loss":9.244203567504883,"mean_q_target":124.07814025878906,"episodic_length":248,"eval/video":{"size":246312,"path":"media/videos/eval/video_88999_92f64f51745371119d7f.mp4","_type":"video-file","sha256":"92f64f51745371119d7fb9cf855daae361a6e08c362dbe3565d0b29081053e75"},"max_q_target":163.03952026367188,"variance_q_target":1607.3983154296875,"actor_entropy":5.3945441246032715,"env_buffer_length":89018,"_timestamp":1.7587386202865996e+09,"eval/episodic_return":451.2741092134988,"min_q_target":-8.272825241088867,"eval/video_path":"videos/Walker2d-v5_RPC_kl10.0_kpdkd2e9/eval_step88999_kl10.0.mp4","robust_episodic_return":0.22653961708034087}