{"eval/episodic_return":81.8072139784128,"_wandb":{"runtime":15},"_runtime":15.327117842,"_timestamp":1.7606330888881648e+09,"episodic_length":12,"env_buffer_length":9997,"episodic_return":-3.3681882079563588,"_step":9999,"eval/episodic_length":94.4}