{"episodic_length":1000,"episodic_return":-237.64377735031115,"robust_episodic_length":0.2,"env_buffer_length":10001,"_timestamp":1.7592842070015967e+09,"_step":10000,"eval/video":{"_type":"video-file","sha256":"803fd4bff0767aea75de91413c024e05fde064cfb86e6e14d9611cd379375656","size":1072668,"path":"media/videos/eval/video_9999_803fd4bff0767aea75de.mp4"},"robust_episodic_return":0.021879209084810163,"eval/video_path":"videos/HalfCheetah-v5/RPC_53_kl0.1_svsrqe8j/eval_step9999_kl0.1.mp4","eval/episodic_return":-7.857854892965567,"_wandb":{"runtime":54},"_runtime":54.86415932,"eval/kl_target_bits":0.1,"eval/episodic_length":1000}