{"eval_episodic_return":9,"eval_episodic_length":9,"duration_step":0.016414880752563477,"variance_q_target":0.6394619941711426,"actor_entropy":0.8347548246383667,"episodic_return":34,"_runtime":13.902924109,"actor_loss":-3.192183494567871,"kl_predictor":1.7150734663009644,"robust_episodic_return":0.2,"mean_true_reward":1,"episodic_length":34,"_wandb":{"runtime":13},"_timestamp":1.7585717266534107e+09,"dual_loss":-99.45866543782303,"_step":5709,"env_buffer_length":5710,"min_true_reward":1,"robust_episodic_length":0.2,"min_q_target":0.9999565482139587,"critic_loss":0.21437102556228638,"max_q_target":3.7970871925354004,"lambda_cost":6.1093576843261235e-06,"posterior_entropy":19.314359664916992,"prior_entropy":22.362802505493164,"mean_q_target":2.656407356262207,"max_true_reward":1}