{"_runtime":2.022931358,"episodic_length":13,"episodic_return":-3.9914118716885616,"env_buffer_length":2154,"_timestamp":1.7606331695063336e+09,"_step":2153,"_wandb":{"runtime":2}}