{"eval/video_path":"videos/Walker2d-v5/RPC_1_kl1.0_RPC_1_kl1_jm60wbuh/eval_step19999_kl1.0.mp4","episodic_length":30,"robust_episodic_length":1,"eval/episodic_length":105,"duration_step":0.013237237930297852,"_wandb":{"runtime":10},"eval/kl_target_bits":1,"_step":20117,"_timestamp":1.7605909293652003e+09,"env_buffer_length":20118,"robust_episodic_return":-0.38286184109111987,"eval/episodic_return":87.66811774008754,"episodic_return":5.001751500377021,"eval/video":{"sha256":"e3500673ace45dfa41ef63ff7dd39d15afcad70a01d0d3b00976390e07582374","size":132262,"path":"media/videos/eval/video_19999_e3500673ace45dfa41ef.mp4","_type":"video-file"},"_runtime":10.381928482}