{"alpha_loss":-2.207068920135498,"eval/video":{"size":93222,"path":"media/videos/eval/video_9999_60f53ece553cb5c60361.mp4","_type":"video-file","sha256":"60f53ece553cb5c6036180a0b26f0490397f7c5e2beec1a95be0c844cef47e58"},"mean_true_reward":0.3952155113220215,"kl_predictor":9.666238784790039,"max_q_target":21.38443374633789,"robust_episodic_length":1,"prior_entropy":0.6389960050582886,"_runtime":19.829866745,"mean_q_target":12.965456008911133,"max_true_reward":2.1075823307037354,"eval/kl_target_bits":1,"episodic_return":-4.4378222501033076,"_timestamp":1.7605848023928883e+09,"robust_episodic_return":2.3403155703176726,"alpha":0.7961426973342896,"eval/video_path":"videos/Walker2d-v5/RPC_1_kl1.0_RPC_1_kl1_he5kyrpw/eval_step9999_kl1.0.mp4","posterior_entropy":-9.195157051086426,"critic_loss":1.5961296558380127,"_wandb":{"runtime":19},"actor_loss":-15.934487342834473,"min_true_reward":-1.872930884361267,"min_q_target":-1.873482584953308,"eval/episodic_return":144.97453054987778,"lambda_cost":2.4394661324784096e-05,"duration_step":0.012575626373291016,"env_buffer_length":1385,"episodic_length":101,"_step":11383,"dual_loss":92.05748549042286,"eval/episodic_length":121,"variance_q_target":12.153834342956543,"actor_entropy":7.5596747398376465}