{"eval/kl_target_bits":60,"eval/episodic_length":826,"critic_loss":12.021980285644531,"kl_predictor":31.00982093811035,"robust_episodic_length":0.2,"actor_entropy":1.489618182182312,"actor_loss":-398.3951721191406,"posterior_entropy":-14.138343811035156,"_step":499999,"max_q_target":499.7532653808594,"variance_q_target":7702.29541015625,"episodic_length":1000,"eval/video_path":"videos/Walker2d-v5/RPC_24_kl60.0_oa92fdts/eval_step499999_kl60.0.mp4","alpha_loss":0.612877368927002,"episodic_return":5201.837616777076,"alpha":0.07661880552768707,"max_true_reward":6.9178972244262695,"duration_step":0.013663530349731445,"_runtime":19600.786661173,"dual_loss":-400.5141249068113,"mean_q_target":398.3548583984375,"robust_episodic_return":1.0379655106017651,"eval/video":{"_type":"video-file","sha256":"327d624080d4e1d01dfdf9102572cef343b97606b50e5ef30d380187ecd86e73","size":1901916,"path":"media/videos/eval/video_499999_327d624080d4e1d01dfd.mp4"},"min_true_reward":-0.8355186581611633,"prior_entropy":14.803201675415039,"_timestamp":1.759449999238299e+09,"lambda_cost":1.0000000000000004e-06,"min_q_target":69.86150360107422,"mean_true_reward":3.9583241939544678,"eval/episodic_return":4113.315899090761,"_wandb":{"runtime":19600},"env_buffer_length":499680}