{"_timestamp":1.7593350062646928e+09,"episodic_return":4356.237035192714,"env_buffer_length":999615,"lambda_cost":1.0000000000000004e-06,"actor_loss":-354.55340576171875,"eval/video":{"size":1925131,"path":"media/videos/eval/video_999999_53a351296a3355f201d4.mp4","_type":"video-file","sha256":"53a351296a3355f201d4239f6ae3bcde2bcf87108022ea238ef72b6632207168"},"mean_true_reward":3.569089889526367,"actor_entropy":1.6884973049163818,"max_true_reward":5.4061784744262695,"episodic_length":1000,"_runtime":73542.757249159,"eval/kl_target_bits":65,"mean_q_target":354.3169250488281,"eval/video_path":"videos/Walker2d-v5/RPC_1_kl65.0_3ak314qp/eval_step999999_kl65.0.mp4","variance_q_target":4129.48291015625,"posterior_entropy":-14.138344764709473,"eval/episodic_return":4356.642798724008,"critic_loss":9.029462814331055,"eval/episodic_length":1000,"min_q_target":69.5079574584961,"alpha":0.0541599839925766,"_wandb":{"runtime":73542},"max_q_target":422.1939697265625,"duration_step":0.05879855155944824,"robust_episodic_return":0.820242610801948,"prior_entropy":17.459365844726562,"robust_episodic_length":0.2,"_step":999999,"kl_predictor":32.073036193847656,"min_true_reward":-1.6805471181869507,"dual_loss":-454.90276340361487,"alpha_loss":-1.1290550231933594}