{"_wandb":{"runtime":19785},"critic_loss":10.629890441894531,"mean_q_target":270.81805419921875,"eval/episodic_return":3289.407606475492,"_runtime":19785.712120163,"episodic_length":1000,"min_q_target":-5.697538375854492,"max_q_target":344.4503479003906,"actor_entropy":4.640629768371582,"dual_loss":-112.729899918763,"actor_loss":-271.59429931640625,"_step":499999,"min_true_reward":-1.5999163389205933,"_timestamp":1.7587700698636155e+09,"eval/kl_target_bits":90,"prior_entropy":35.273216247558594,"robust_episodic_length":0.2,"episodic_return":3391.1171637606008,"variance_q_target":3194.69287109375,"robust_episodic_return":0.7935759064900119,"eval/video":{"path":"media/videos/eval/video_499999_8da7476320a17ce97381.mp4","_type":"video-file","sha256":"8da7476320a17ce9738125d452f7d8290572689e43704bbda00fc45a99ef2a04","size":1680875},"env_buffer_length":499724,"duration_step":0.01341700553894043,"kl_predictor":81.84033203125,"max_true_reward":5.664386749267578,"mean_true_reward":2.4463284015655518,"lambda_cost":1.0000000000000004e-06,"posterior_entropy":-44.18232727050781,"eval/episodic_length":1000,"eval/video_path":"videos/Walker2d-v5_RPC_kl90.0_upn7c8yp/eval_step499999_kl90.0.mp4"}