{"dual_loss":-0.0005139562238803352,"eval/kl_target_bits":0.3,"_step":499999,"env_buffer_length":499931,"eval/episodic_length":294.2,"kl_predictor":0.31129735708236694,"robust_episodic_return":0.7151661148042283,"mean_q_target":177.65213012695312,"prior_entropy":0.7932424545288086,"mean_true_reward":2.8340766429901123,"robust_episodic_length":0.2,"eval/video_path":"videos/Walker2d-v5/RPC_93_kl0.3_pmi2i8o4/eval_step499999_kl0.3.mp4","_runtime":35891.554924357,"actor_loss":-178.2093505859375,"episodic_length":474,"critic_loss":9.744385719299316,"duration_step":0.05437898635864258,"max_true_reward":7.105560779571533,"episodic_return":1566.4480184203046,"alpha_loss":0.6407725811004639,"eval/episodic_return":1057.054330730146,"_wandb":{"runtime":35891},"max_q_target":270.01153564453125,"eval/video":{"_type":"video-file","sha256":"839910c739361721bea8282aac702d1d6bdac389d719ce971f36c7b7b191e33d","size":410222,"path":"media/videos/eval/video_499999_839910c739361721bea8.mp4"},"alpha":0.05047443509101868,"posterior_entropy":0.5122655630111694,"actor_entropy":3.435729503631592,"min_q_target":2.11262845993042,"min_true_reward":-0.40864747762680054,"variance_q_target":3116.14990234375,"lambda_cost":1.0464747256683729,"_timestamp":1.7593329762458777e+09}