{"eval/episodic_length":1000,"_timestamp":1.7587295551344142e+09,"_step":999,"eval/episodic_return":-41.958429625778074,"_wandb":{"runtime":2},"_runtime":2.917122279}