{"kl_predictor":13.400157928466797,"robust_episodic_return":-0.4865177538160156,"env_buffer_length":10508,"duration_step":0.015659570693969727,"eval/kl_target_bits":10,"eval/video":{"path":"media/videos/eval/video_9999_195561b8387991a20ae6.mp4","_type":"video-file","sha256":"195561b8387991a20ae65cda1fc18ae771400e03482646b204ee41791b4612e3","size":106470},"mean_q_target":8.16153335571289,"min_q_target":-2.2367563247680664,"_timestamp":1.758739271216102e+09,"eval/episodic_length":91,"mean_true_reward":0.11016588658094406,"eval/video_path":"videos/Walker2d-v5_RPC_kl10.0_3dhe6262/eval_step9999_kl10.0.mp4","variance_q_target":6.894432544708252,"alpha":0.8584195375442505,"prior_entropy":13.0070219039917,"_runtime":20.726003098,"lambda_cost":1.430061372357776e-05,"robust_episodic_length":0.2,"max_q_target":14.715046882629395,"episodic_return":17.411196254733458,"max_true_reward":1.2368215322494507,"actor_loss":-11.939631462097168,"_wandb":{"runtime":20},"actor_entropy":7.579811096191406,"_step":10507,"critic_loss":1.2343339920043945,"posterior_entropy":-1.457418441772461,"alpha_loss":-1.4954249858856201,"eval/episodic_return":-31.89756097876105,"min_true_reward":-2.2365520000457764,"dual_loss":37.932743710816986,"episodic_length":39}