{"_runtime":29.489255702,"eval/episodic_return":-7.857854892965567,"_timestamp":1.7592837220163095e+09,"episodic_length":1000,"episodic_return":-223.45640648134855,"eval/episodic_length":1000,"_wandb":{"runtime":29},"_step":9999,"env_buffer_length":9001}