{"alpha":0.8572407364845276,"eval/video_path":"videos/Walker2d-v5/RPC_1_kl1.0_RPC_1_kl1_by9m96m2/eval_step19999_kl1.0.mp4","episodic_length":72,"variance_q_target":8.82800006866455,"lambda_cost":1.472883009855176e-05,"posterior_entropy":-4.429312705993652,"max_q_target":13.25926685333252,"episodic_return":2.4382852068184944,"eval/video":{"size":132311,"path":"media/videos/eval/video_19999_3a94048548ce34d06429.mp4","_type":"video-file","sha256":"3a94048548ce34d06429f6f4ac0e1f86bd92183b7b335d4532e964069ac7e1c7"},"robust_episodic_return":-0.38286184109111987,"min_q_target":-1.7416374683380127,"dual_loss":60.48271299010151,"kl_predictor":6.435827732086182,"env_buffer_length":20691,"_timestamp":1.7605909114806058e+09,"robust_episodic_length":1,"actor_entropy":7.594114780426025,"mean_q_target":7.857561111450195,"eval/episodic_length":105,"max_true_reward":1.6718027591705322,"eval/kl_target_bits":1,"_wandb":{"runtime":18},"_step":20690,"alpha_loss":-1.5086983442306519,"eval/episodic_return":87.66811774008754,"_runtime":18.758606997,"prior_entropy":2.6836276054382324,"critic_loss":2.5052924156188965,"actor_loss":-11.490734100341797,"duration_step":0.012228727340698242,"mean_true_reward":0.1199602410197258,"min_true_reward":-1.741544246673584}