{"eval/episodic_return":246.67490747756278,"env_buffer_length":17913,"eval/video_path":"videos/Walker2d-v5_RPC_kl30.0_3y65qqs6/eval_step17999_kl30.0.mp4","_runtime":245.76827484,"max_q_target":76.83778381347656,"episodic_length":187,"min_q_target":-10.784058570861816,"duration_step":0.037693023681640625,"mean_q_target":51.1747932434082,"eval/video":{"sha256":"0dbf839f215900a9a50d620da6e3561b0bfaf1858f11ada097c42e741c92e51d","size":144003,"path":"media/videos/eval/video_17999_0dbf839f215900a9a50d.mp4","_type":"video-file"},"robust_episodic_length":0.2,"episodic_return":318.9830785853453,"_timestamp":1.758749883469191e+09,"posterior_entropy":-23.971811294555664,"actor_loss":-52.99598693847656,"critic_loss":7.625368118286133,"_wandb":{"runtime":245},"dual_loss":4.848315682906847,"lambda_cost":0.0006441505887777421,"actor_entropy":5.651839256286621,"eval/episodic_length":132,"variance_q_target":223.9564208984375,"eval/kl_target_bits":30,"prior_entropy":7.841300964355469,"_step":18000,"robust_episodic_return":0.4059123275394059,"max_true_reward":2.972184419631958,"mean_true_reward":0.5110853910446167,"kl_predictor":30.659841537475586,"min_true_reward":-1.6390522718429565}