{"_runtime":8.785754351,"_timestamp":1.7593324634229448e+09,"_step":5690,"episodic_length":16,"episodic_return":3.1984990960753956,"env_buffer_length":5691,"_wandb":{"runtime":8}}