{"duration_step":0.010439395904541016,"min_true_reward":-0.8304189443588257,"episodic_length":1000,"mean_true_reward":3.5437402725219727,"eval/kl_target_bits":1,"_step":999999,"eval/video":{"_type":"video-file","sha256":"f1062e7d590d9655362cc0c7912d0a8c54c962c13c5de2e21955910758c99fb1","size":1858520,"path":"media/videos/eval/video_999999_f1062e7d590d9655362c.mp4"},"variance_q_target":5992.7861328125,"episodic_return":4800.885923367416,"eval/video_path":"videos/Walker2d-v5/RPC_1_kl1.0_RPC_1_kl1_h0e04gi4/eval_step999999_kl1.0.mp4","alpha":0.055044010281562805,"actor_loss":-370.7505798339844,"eval/episodic_return":4895.503694751584,"robust_episodic_length":0.2,"actor_entropy":1.7091753482818604,"min_q_target":72.61329650878906,"env_buffer_length":999725,"max_q_target":455.4631652832031,"robust_episodic_return":0.9608359410521494,"alpha_loss":0.4742871820926666,"mean_q_target":370.7567443847656,"_timestamp":1.7605711280708504e+09,"eval/episodic_length":1000,"_runtime":12397.771088582,"critic_loss":8.850484848022461,"max_true_reward":5.887034893035889,"_wandb":{"runtime":12397}}