{"eval/video_path":"videos/HalfCheetah-v5/RPC_24_kl0.1_pt4rbc96/eval_step9999_kl0.1.mp4","_wandb":{"runtime":41},"env_buffer_length":10001,"eval/episodic_return":-4.491205550518624,"episodic_length":1000,"episodic_return":-305.86607984054933,"eval/kl_target_bits":0.1,"robust_episodic_return":-0.01927539466773376,"robust_episodic_length":0.2,"_runtime":41.365056488,"_timestamp":1.7592838581982756e+09,"_step":10000,"eval/episodic_length":1000,"eval/video":{"sha256":"4d6061a7ec6cafbb4eca092ac3dbd76447726766ca4000e675601118f9b6ccfa","size":1063304,"path":"media/videos/eval/video_9999_4d6061a7ec6cafbb4eca.mp4","_type":"video-file"}}