{"min_true_reward":-1.9462602138519287,"critic_loss":1.8107812404632568,"_step":25000,"eval/video_path":"videos/HalfCheetah-v5_RPC_hlgh273g/eval_step24999.mp4","_wandb":{"runtime":484},"robust_episodic_length":0.2,"episodic_length":1000,"actor_entropy":6.366597652435303,"max_q_target":77.14371490478516,"env_buffer_length":25001,"episodic_return":-53.08592005103165,"_runtime":484.685691838,"eval/episodic_return":2268.1221812376357,"prior_entropy":9.856616973876953,"lambda_cost":0.0012594531774282967,"robust_episodic_return":0.3370717713160502,"min_q_target":15.956741333007812,"posterior_entropy":-10.235279083251953,"dual_loss":3.571447241975497,"max_true_reward":3.283999443054199,"actor_loss":-37.117279052734375,"duration_step":0.013337850570678711,"_timestamp":1.7585778027670946e+09,"variance_q_target":324.7279052734375,"eval/video":{"_type":"video-file","sha256":"b9b471f5e49e793aae77e78948d5dcd3f4ebeaac122ecd8583f32f4df2b5d56c","size":1672356,"path":"media/videos/eval/video_24999_b9b471f5e49e793aae77.mp4"},"kl_predictor":20.53485679626465,"mean_true_reward":0.10685073584318161,"mean_q_target":36.762176513671875,"eval/episodic_length":1000}