{"prior_entropy":1.1502364873886108,"lambda_cost":0.268508675856278,"env_buffer_length":499384,"max_q_target":380.1829528808594,"episodic_return":4158.637062338417,"min_q_target":2.6209259033203125,"_runtime":19798.151190674,"mean_true_reward":3.1482038497924805,"kl_predictor":1.0577627420425415,"eval/video":{"path":"media/videos/eval/video_499999_ebbea9916e6cee99dde7.mp4","_type":"video-file","sha256":"ebbea9916e6cee99dde74014db1aa8e98abcce6773ddf7000bf3ba074a898dc1","size":1843227},"_wandb":{"runtime":19798},"dual_loss":0.07598998275925864,"actor_entropy":1.873152732849121,"episodic_length":1000,"eval/episodic_return":4144.618055954467,"_timestamp":1.7593536134426126e+09,"_step":499999,"max_true_reward":5.7851762771606445,"robust_episodic_return":0.8939537952894654,"eval/episodic_length":1000,"duration_step":0.04057598114013672,"critic_loss":6.928153991699219,"alpha":0.04128269478678703,"robust_episodic_length":0.2,"mean_q_target":280.447509765625,"min_true_reward":-1.2526262998580933,"eval/video_path":"videos/Walker2d-v5/RPC_53_kl1.0_jrj3vjrm/eval_step499999_kl1.0.mp4","actor_loss":-280.08355712890625,"posterior_entropy":0.04604185372591019,"variance_q_target":8557.3291015625,"eval/kl_target_bits":1,"alpha_loss":-1.0157707929611206}