{"_wandb":{"runtime":20011},"actor_entropy":1.9723289012908936,"eval/episodic_return":3178.077405165711,"min_q_target":13.962994575500488,"robust_episodic_return":0.7721378973863416,"mean_q_target":233.09649658203125,"alpha":0.07243821769952774,"prior_entropy":16.770004272460938,"actor_loss":-233.26284790039062,"alpha_loss":-0.03988468647003174,"mean_true_reward":2.5720021724700928,"robust_episodic_length":0.2,"eval/video_path":"videos/Walker2d-v5/RPC_53_kl60.0_9vcxor5n/eval_step499999_kl60.0.mp4","critic_loss":17.647560119628906,"duration_step":0.020947933197021484,"max_true_reward":4.88332462310791,"variance_q_target":4281.89501953125,"kl_predictor":30.669361114501953,"_runtime":20011.73304188,"eval/episodic_length":1000,"posterior_entropy":-14.138344764709473,"lambda_cost":1.0000000000000004e-06,"min_true_reward":-1.4329458475112915,"dual_loss":-405.2177511944357,"episodic_return":3710.475362805218,"eval/kl_target_bits":60,"episodic_length":1000,"max_q_target":324.6937561035156,"_step":499999,"env_buffer_length":499097,"eval/video":{"path":"media/videos/eval/video_499999_eb923513d97b1aa9bb51.mp4","_type":"video-file","sha256":"eb923513d97b1aa9bb51a02ddf85166697359192d35432e5ff84439d29720909","size":1878804},"_timestamp":1.7594498061300511e+09}