{"_wandb":{"runtime":19915},"eval/episodic_return":3939.52046398703,"_runtime":19915.145912856,"prior_entropy":-6.214699745178223,"mean_true_reward":2.919145107269287,"eval/episodic_length":1000,"duration_step":0.021561622619628906,"actor_loss":-277.1483154296875,"critic_loss":7.046123504638672,"min_true_reward":-0.9051789045333862,"episodic_return":3845.020727310364,"variance_q_target":4407.5126953125,"max_q_target":351.1009826660156,"env_buffer_length":499812,"min_q_target":0.9804967641830444,"robust_episodic_return":0.803404374801547,"posterior_entropy":-11.105600357055664,"kl_predictor":4.912867546081543,"eval/video_path":"videos/Walker2d-v5_RPC_kl5.0_34agmimk/eval_step499999_kl5.0.mp4","episodic_length":1000,"mean_q_target":277.3481140136719,"_step":499999,"max_true_reward":6.726379871368408,"dual_loss":-0.33311266619807084,"eval/video":{"size":1738517,"path":"media/videos/eval/video_499999_6a6899384256f160a35e.mp4","_type":"video-file","sha256":"6a6899384256f160a35eafb0b1b573bd33f06cc59a07eb0ab442efb7367be34b"},"_timestamp":1.7587698141373777e+09,"actor_entropy":4.456762790679932,"eval/kl_target_bits":5,"lambda_cost":0.021858639303641205,"robust_episodic_length":0.2}