{"variance_q_target":317.3491516113281,"robust_episodic_length":0.2,"eval/episodic_return":281.6518019037443,"mean_q_target":38.703590393066406,"kl_predictor":10.423600196838379,"eval/video_path":"videos/HalfCheetah-v4_RPC_mjczobmu/eval_step24999.mp4","critic_loss":1.8857505321502686,"max_q_target":76.74476623535156,"episodic_return":23.064094001004243,"max_true_reward":3.129732608795166,"_timestamp":1.7585747972785523e+09,"prior_entropy":6.393779754638672,"mean_true_reward":0.19145499169826508,"actor_loss":-39.07547378540039,"eval/episodic_length":1000,"_wandb":{"runtime":488},"env_buffer_length":25001,"_runtime":488.780881106,"lambda_cost":0.0032154303208548193,"_step":25000,"duration_step":0.01398158073425293,"actor_entropy":6.213312149047852,"eval/video":{"sha256":"1d40198646fa624b90f4a9ae20bcf2c4d8cafc84e921f0748ca1ab40e5694e54","size":1742513,"path":"media/videos/eval/video_24999_1d40198646fa624b90f4.mp4","_type":"video-file"},"min_true_reward":-1.9462602138519287,"min_q_target":16.704875946044922,"posterior_entropy":-3.6981089115142822,"robust_episodic_return":0.10595481778267413,"episodic_length":1000,"dual_loss":2.4316250150759036}