{"eval/video":{"sha256":"619b9efd9d91750de6220e6b449dddcac9517b4194e7668219f38105765bc522","size":140911,"path":"media/videos/eval/video_499999_619b9efd9d91750de622.mp4","_type":"video-file"},"min_true_reward":-0.9051789045333862,"actor_loss":-113.55805969238281,"variance_q_target":1802.5953369140625,"critic_loss":2.5619001388549805,"eval/episodic_return":286.5338044352627,"kl_predictor":0.10382994264364243,"robust_episodic_length":0.2,"posterior_entropy":15.220612525939941,"env_buffer_length":499936,"mean_q_target":113.1607894897461,"min_q_target":-28.56890296936035,"episodic_length":137,"robust_episodic_return":0.4996922707279115,"_wandb":{"runtime":19912},"dual_loss":0.0009254195968135368,"eval/video_path":"videos/Walker2d-v5_RPC_kl0.1_q0fzdh7u/eval_step499999_kl0.1.mp4","_step":499999,"eval/episodic_length":166,"_timestamp":1.758832049893537e+09,"mean_true_reward":1.4984209537506104,"lambda_cost":0.7852981779713119,"duration_step":0.02379012107849121,"eval/kl_target_bits":0.1,"episodic_return":245.7464051825631,"prior_entropy":15.325004577636719,"max_q_target":145.6253204345703,"_runtime":19912.404792268,"actor_entropy":5.4509358406066895,"max_true_reward":3.464954376220703}