{"prior_entropy":17.122039794921875,"_timestamp":1.7593345255383892e+09,"duration_step":0.06141018867492676,"_wandb":{"runtime":73069},"kl_predictor":31.255563735961914,"_runtime":73069.097594637,"episodic_return":2303.918198878553,"_step":999999,"max_q_target":368.3268127441406,"robust_episodic_length":0.2,"alpha_loss":-0.04010555148124695,"mean_true_reward":3.0286800861358643,"critic_loss":15.751413345336914,"episodic_length":614,"alpha":0.052398037165403366,"eval/kl_target_bits":75,"env_buffer_length":999709,"actor_loss":-299.4949035644531,"dual_loss":-604.3517474090086,"eval/video_path":"videos/Walker2d-v5/RPC_1_kl75.0_s5er7ua0/eval_step999999_kl75.0.mp4","eval/video":{"size":1820766,"path":"media/videos/eval/video_999999_44b2720561edee59d4e8.mp4","_type":"video-file","sha256":"44b2720561edee59d4e8150e7685e11c83ccfcdf37dc22f55bc11cf800ffaf37"},"robust_episodic_return":0.7096774459442919,"variance_q_target":4769.90966796875,"actor_entropy":1.3759522438049316,"min_q_target":-11.907357215881348,"min_true_reward":-0.972769021987915,"lambda_cost":1.0000000000000004e-06,"max_true_reward":4.781896114349365,"mean_q_target":299.5039978027344,"eval/episodic_return":3913.85971117256,"eval/episodic_length":1000,"posterior_entropy":-14.138344764709473}