{"episodic_length":19,"episodic_return":4.0604017867268105,"_wandb":{"runtime":7},"_runtime":7.673137699,"env_buffer_length":3038,"_timestamp":1.7593320967535439e+09,"_step":3037}