{"mean_true_reward":1,"episodic_length":1000,"env_buffer_length":24657,"dual_loss":-32.1507635714777,"variance_q_target":609.7896728515625,"duration_step":0.012677907943725586,"min_q_target":0.9999474883079529,"mean_q_target":61.44562911987305,"episodic_return":1000,"max_q_target":75.91484069824219,"_step":24999,"robust_episodic_length":0.2,"min_true_reward":1,"kl_predictor":7.672849655151367,"critic_loss":2.4920175075531006,"max_true_reward":1,"eval_episodic_return":1000,"posterior_entropy":-44.135765075683594,"lambda_cost":1.0000000000000004e-06,"_wandb":{"runtime":284},"actor_loss":-64.44359588623047,"eval_episodic_length":1000,"prior_entropy":-36.18634033203125,"_runtime":284.3131664,"actor_entropy":0.4565264582633972,"_timestamp":1.7585720461162302e+09,"robust_episodic_return":0.2}