{"_timestamp":1.760587927957207e+09,"robust_episodic_length":1,"_step":10136,"duration_step":0.012703657150268555,"episodic_return":5.6980767961064815,"eval/video_path":"videos/Walker2d-v5/RPC_1_kl1.0_RPC_1_klNA_7vw39j9z/eval_step9999_kl1.0.mp4","robust_episodic_return":2.3403155703176726,"episodic_length":33,"_runtime":4.706497311,"eval/episodic_return":144.97453054987778,"env_buffer_length":637,"eval/episodic_length":121,"_wandb":{"runtime":4},"eval/video":{"_type":"video-file","sha256":"83284914c5894155b5aa0ee4468d1a51b21527473d5b65efd3fd1ae8fefe62dc","size":93416,"path":"media/videos/eval/video_9999_83284914c5894155b5aa.mp4"},"eval/kl_target_bits":1}