{"max_true_reward":5.837666034698486,"_wandb":{"runtime":2319},"eval/episodic_return":2769.067750267459,"eval/video_path":"videos/Walker2d-v5/RPC_1_kl1.0_lnsryjab/eval_step199999_kl1.0.mp4","eval/kl_target_bits":1,"critic_loss":21.238483428955078,"max_q_target":298.65216064453125,"episodic_length":416,"eval/video":{"sha256":"66ff4e6be1b220cc592ce3e073d6fd805d37914bd588a159a370e17f8dc091bb","size":1667074,"path":"media/videos/eval/video_199999_66ff4e6be1b220cc592c.mp4","_type":"video-file"},"robust_episodic_length":0.2,"robust_episodic_return":0.473252255020158,"alpha":0.06607736647129059,"mean_q_target":212.3810577392578,"min_true_reward":-2.3401646614074707,"duration_step":0.010383844375610352,"actor_loss":-212.32516479492188,"alpha_loss":-0.5363514423370361,"_timestamp":1.7605582296487706e+09,"eval/episodic_length":912.4,"_step":200065,"actor_entropy":2.5142855644226074,"episodic_return":1281.2528330068214,"mean_true_reward":2.1665687561035156,"min_q_target":-31.862171173095703,"_runtime":2319.055632978,"variance_q_target":2872.19482421875,"env_buffer_length":200066}