{"env_buffer_length":9001,"_timestamp":1.759283647634815e+09,"episodic_return":-302.71205213455465,"_wandb":{"runtime":33},"_runtime":33.291057871,"eval/episodic_length":1000,"episodic_length":1000,"_step":9999,"eval/episodic_return":-4.613433324093564}