{"episodic_length":1000,"variance_q_target":4991.10498046875,"max_true_reward":6.738940715789795,"eval/episodic_return":4590.888931807391,"actor_entropy":2.18349552154541,"eval/episodic_length":1000,"eval/video_path":"videos/Walker2d-v5/RPC_93_kl30.0_z8f35otg/eval_step499999_kl30.0.mp4","duration_step":0.028002262115478516,"eval/video":{"path":"media/videos/eval/video_499999_1bd3f49b1128eabeb398.mp4","_type":"video-file","sha256":"1bd3f49b1128eabeb398f1cb5c5b15997ea86ba39605c242cd73c31c27e146a7","size":1954976},"alpha":0.07024767249822617,"min_true_reward":-1.6895771026611328,"prior_entropy":16.42885398864746,"_step":499999,"eval/kl_target_bits":30,"posterior_entropy":-14.08254623413086,"mean_true_reward":3.1381936073303223,"critic_loss":113.34876251220703,"robust_episodic_length":0.2,"lambda_cost":0.0008338233639920289,"alpha_loss":0.2746720314025879,"max_q_target":409.20025634765625,"dual_loss":8.398163776128026,"episodic_return":4601.35113210909,"env_buffer_length":499241,"_runtime":19101.528475977,"min_q_target":-7.0028204917907715,"_wandb":{"runtime":19101},"_timestamp":1.7594293788461726e+09,"actor_loss":-308.9222412109375,"mean_q_target":308.8201904296875,"kl_predictor":31.184520721435547,"robust_episodic_return":0.88083481532666}