{"env_buffer_length":716,"eval/video":{"size":93021,"path":"media/videos/eval/video_9999_3e33627a3a17323abea9.mp4","_type":"video-file","sha256":"3e33627a3a17323abea91fc060f3c0798679c2cbc7b20e1016c1edcf81937f23"},"robust_episodic_length":1,"eval/video_path":"videos/Walker2d-v5/RPC_1_kl1.0_RPC_1_klNA_c27ouu1l/eval_step9999_kl1.0.mp4","duration_step":0.0153350830078125,"eval/kl_target_bits":1,"eval/episodic_return":144.97453054987778,"episodic_return":17.953052216810576,"_timestamp":1.7605879150260355e+09,"eval/episodic_length":121,"robust_episodic_return":2.3403155703176726,"_wandb":{"runtime":6},"episodic_length":41,"_step":10215,"_runtime":6.067087882}