{"alpha":0.006648500915616751,"_runtime":20166.791434317,"prior_entropy":-3.742821216583252,"kl_predictor":0.07653208076953888,"min_q_target":-25.151830673217773,"eval/kl_target_bits":0.1,"episodic_return":260.7463231706691,"alpha_loss":-1.0244804620742798,"robust_episodic_length":1,"eval/video_path":"videos/Walker2d-v5/2025-10-16_13-25-46_RPC_Walker2d-v5_seed_2_kl_0.1_3ynvpvb2/eval_step999999_kl0.1.mp4","eval/episodic_length":142.8,"actor_entropy":-0.8257724046707153,"max_true_reward":3.3731393814086914,"eval/episodic_return":258.1354606220454,"posterior_entropy":-3.8381457328796387,"max_q_target":144.7437286376953,"env_buffer_length":999908,"lambda_cost":0.6412720776769071,"variance_q_target":1016.2096557617188,"critic_loss":1.5199754238128662,"min_true_reward":-1.4299966096878052,"actor_loss":-95.43580627441406,"eval/video":{"size":134199,"path":"media/videos/eval/video_999999_c5c20e90d0113c522321.mp4","_type":"video-file","sha256":"c5c20e90d0113c522321fb5c64d510eaf01a3f5338cd9474dd53389d52b64e8d"},"episodic_length":145,"_timestamp":1.7606557141873784e+09,"dual_loss":-0.010423551071583955,"mean_true_reward":1.6272237300872803,"duration_step":0.016901493072509766,"mean_q_target":95.5241928100586,"_wandb":{"runtime":20166},"_step":1000000,"robust_episodic_return":2.5018253399967803}