{"episodic_length":94,"actor_loss":-47.64762496948242,"critic_loss":3.5846729278564453,"eval/kl_target_bits":1,"mean_q_target":46.559349060058594,"eval/video":{"sha256":"2bb21f0f11f121527e7faf5e739f4413dd04885c2ca2d3c314f56ee00da57c50","size":93374,"path":"media/videos/eval/video_9999_2bb21f0f11f121527e7f.mp4","_type":"video-file"},"variance_q_target":321.5317077636719,"dual_loss":79.43991302426156,"prior_entropy":4.676754474639893,"posterior_entropy":-10.982667922973633,"kl_predictor":15.47854995727539,"eval/episodic_return":144.97453054987778,"eval/video_path":"videos/Walker2d-v5/RPC_1_kl1.0_RPC_1_kl1_wva6b9rg/eval_step9999_kl1.0.mp4","robust_episodic_return":2.3403155703176726,"episodic_return":4.107671820924725,"lambda_cost":0.004145083484995996,"_timestamp":1.760584747504924e+09,"actor_entropy":5.456015586853027,"mean_true_reward":0.6286234855651855,"alpha":0.22121641039848328,"min_q_target":-17.45024871826172,"max_true_reward":3.9357872009277344,"_wandb":{"runtime":83},"eval/episodic_length":121,"max_q_target":90.22371673583984,"alpha_loss":-10.630491256713867,"duration_step":0.01363682746887207,"_step":15500,"min_true_reward":-2.5466883182525635,"env_buffer_length":5496,"robust_episodic_length":1,"_runtime":83.094021049}