{"episodic_return":-305.86607984054933,"eval/kl_target_bits":0.1,"eval/episodic_return":-4.491205550518624,"eval/video_path":"videos/HalfCheetah-v5/RPC_24_kl0.1_s6i654r8/eval_step9999_kl0.1.mp4","eval/video":{"path":"media/videos/eval/video_9999_4d6061a7ec6cafbb4eca.mp4","_type":"video-file","sha256":"4d6061a7ec6cafbb4eca092ac3dbd76447726766ca4000e675601118f9b6ccfa","size":1063304},"robust_episodic_return":-0.01927539466773376,"env_buffer_length":10001,"_wandb":{"runtime":56},"episodic_length":1000,"_step":10000,"eval/episodic_length":1000,"robust_episodic_length":0.2,"_runtime":56.40906194,"_timestamp":1.759284207273362e+09}