{"posterior_entropy":-22.896644592285156,"kl_predictor":22.46127700805664,"mean_q_target":19.245468139648438,"actor_entropy":6.500758171081543,"eval/video_path":"videos/Walker2d-v5_RPC_kl5.0_aewcgzbr/eval_step12999_kl5.0.mp4","robust_episodic_length":0.2,"min_q_target":-1.9517549276351929,"eval/episodic_length":188,"actor_loss":-21.25258445739746,"lambda_cost":0.0002907797687694687,"env_buffer_length":13081,"mean_true_reward":0.28704267740249634,"min_true_reward":-1.944980263710022,"variance_q_target":45.28080368041992,"episodic_length":248,"robust_episodic_return":0.4491724097716423,"dual_loss":142.20102794875876,"_step":13080,"critic_loss":2.514279842376709,"episodic_return":353.1958238003574,"eval/episodic_return":309.02495156954603,"eval/video":{"sha256":"ec07ae492de24bd7e6bc8a2454c8159743097e1455bdc5ce6235f489bc093a0e","size":147095,"path":"media/videos/eval/video_12999_ec07ae492de24bd7e6bc.mp4","_type":"video-file"},"_timestamp":1.7587498874889991e+09,"duration_step":0.04028916358947754,"eval/kl_target_bits":5,"max_q_target":38.11549377441406,"prior_entropy":-0.5374839305877686,"_runtime":146.383741072,"max_true_reward":3.0655736923217773,"_wandb":{"runtime":146}}