{"episodic_return":-302.71205213455465,"env_buffer_length":9001,"_timestamp":1.7592834950702982e+09,"_step":9000,"_wandb":{"runtime":8},"_runtime":8.823668425,"episodic_length":1000}