{"kl_predictor":4.463932991027832,"eval/episodic_return":320.42154842507944,"posterior_entropy":6.537021636962891,"mean_q_target":62.377140045166016,"eval/video_path":"videos/Walker2d-v5/RPC_1_kl1.0_RPC_1_kl1_qqv5uglb/eval_step19999_kl1.0.mp4","robust_episodic_return":0.9750336961141626,"episodic_return":303.3808143420103,"_timestamp":1.760585148509674e+09,"episodic_length":162,"lambda_cost":0.06730361893939237,"max_q_target":102.16671752929688,"actor_entropy":3.1034491062164307,"critic_loss":6.469326972961426,"eval/video":{"sha256":"a24d5610e123a44f9a781a3ad7d66d13e755c010d45d556563bb5967d290216c","size":216969,"path":"media/videos/eval/video_19999_a24d5610e123a44f9a78.mp4","_type":"video-file"},"_wandb":{"runtime":146},"alpha":0.07784055173397064,"prior_entropy":10.943449020385742,"duration_step":0.01295161247253418,"actor_loss":-63.190189361572266,"max_true_reward":4.396552562713623,"eval/episodic_length":182.8,"variance_q_target":403.6002197265625,"robust_episodic_length":1,"eval/kl_target_bits":1,"min_q_target":-17.253921508789062,"alpha_loss":-9.5855073928833,"env_buffer_length":9905,"_step":19999,"min_true_reward":-1.4851315021514893,"dual_loss":9.349608507604156,"mean_true_reward":1.0680664777755737,"_runtime":146.747243092}