{"_runtime":2.29620166,"_wandb":{"runtime":2},"_timestamp":1.7605853720005238e+09,"eval/episodic_length":121,"eval/video_path":"videos/Walker2d-v5/RPC_1_kl1.0_RPC_1_kl1_36bd8bkk/eval_step9999_kl1.0.mp4","eval/kl_target_bits":1,"robust_episodic_length":1,"eval/video":{"size":92982,"path":"media/videos/eval/video_9999_94a9f9338e1c7a9b87c4.mp4","_type":"video-file","sha256":"94a9f9338e1c7a9b87c4dd6ebd4c6e1725d0bf97b5ea8706731661f9afee13c4"},"_step":9999,"eval/episodic_return":144.97453054987778,"robust_episodic_return":2.3403155703176726}