{"kl_predictor":0.08709827065467834,"env_buffer_length":499930,"eval/video":{"path":"media/videos/eval/video_499999_6daf1efafa486884b298.mp4","_type":"video-file","sha256":"6daf1efafa486884b298b3bbd088ed25a02dcbb898368ce578fb79500f334ce8","size":135588},"eval/kl_target_bits":0.1,"mean_true_reward":1.7627427577972412,"_runtime":35611.627780002,"min_true_reward":-0.2774794101715088,"actor_loss":-90.7468490600586,"episodic_return":224.91196008818315,"duration_step":0.06733083724975586,"dual_loss":-0.00717350221598775,"eval/episodic_length":125.8,"posterior_entropy":6.891603946685791,"lambda_cost":0.5735101869970953,"prior_entropy":7.00469970703125,"actor_entropy":2.582756519317627,"critic_loss":0.3861500322818756,"alpha":0.009167401120066643,"variance_q_target":886.17822265625,"eval/episodic_return":236.73300301640916,"robust_episodic_return":0.43958983695895276,"min_q_target":2.395495653152466,"max_q_target":118.7523193359375,"mean_q_target":90.79246520996094,"_timestamp":1.7592970782750013e+09,"max_true_reward":3.8021597862243652,"episodic_length":116,"_step":499999,"robust_episodic_length":0.2,"eval/video_path":"videos/Walker2d-v5/RPC_93_kl0.1_zlabhh8e/eval_step499999_kl0.1.mp4","alpha_loss":-0.24655479192733765,"_wandb":{"runtime":35611}}