{"eval/episodic_length":98.6,"_step":20111,"eval/video_path":"videos/Walker2d-v5/RPC_1_kl1.0_98fkpqym/eval_step19999_kl1.0.mp4","robust_episodic_return":-0.2831516109828014,"episodic_return":-0.025266712326901475,"_wandb":{"runtime":40},"_timestamp":1.7606331521287956e+09,"env_buffer_length":20112,"eval/episodic_return":77.2218530281232,"_runtime":40.013958278,"episodic_length":17,"robust_episodic_length":1,"eval/kl_target_bits":1,"duration_step":0.06815195083618164,"eval/video":{"size":82546,"path":"media/videos/eval/video_19999_142ceae09ff23a82b11c.mp4","_type":"video-file","sha256":"142ceae09ff23a82b11cd6d5dbdfcd5884b4ebb8aae768272e440f08ab90469f"}}