{"robust_episodic_length":0.2,"critic_loss":2.686992645263672,"eval/video":{"path":"media/videos/eval/video_34999_6db40500dcb040c032d0.mp4","_type":"video-file","sha256":"6db40500dcb040c032d062c3182819403986f4583974829893e3c7f8fee1c234","size":1585240},"mean_true_reward":0.3949930667877197,"eval/episodic_return":2718.117454529378,"eval/kl_target_bits":30,"posterior_entropy":-16.359962463378906,"_runtime":703.011216243,"kl_predictor":29.80270004272461,"dual_loss":-1.3972731338550262,"eval/video_path":"videos/HalfCheetah-v5_RPC_kl30.000b_6ax1zc9n/eval_step34999_kl30.000b.mp4","prior_entropy":12.809611320495605,"lambda_cost":0.0008401154262479935,"_wandb":{"runtime":703},"mean_q_target":57.2142219543457,"robust_episodic_return":0.26969631014435436,"variance_q_target":890.2991943359375,"duration_step":0.01384878158569336,"min_q_target":22.51317596435547,"max_true_reward":3.1100974082946777,"min_true_reward":-1.74371337890625,"episodic_return":1990.6524371614303,"actor_entropy":6.023158073425293,"eval/episodic_length":1000,"_timestamp":1.7587357814984899e+09,"max_q_target":116.08377838134766,"episodic_length":1000,"_step":35000,"actor_loss":-58.07624053955078,"env_buffer_length":35001}