{"_step":9999,"eval/episodic_return":81.80742697655238,"_runtime":4.454430678,"episodic_length":12,"episodic_return":-3.3681882079563588,"_wandb":{"runtime":4},"_timestamp":1.76063483275941e+09,"env_buffer_length":9997,"eval/episodic_length":94.4}