{"actor_loss":-82.18500518798828,"prior_entropy":34.420387268066406,"critic_loss":8.875141143798828,"episodic_return":261.95851894121165,"posterior_entropy":34.2966423034668,"lambda_cost":1.4041912278201567,"max_true_reward":3.6791226863861084,"eval/episodic_length":214,"mean_q_target":81.07334899902344,"_wandb":{"runtime":2880},"eval/kl_target_bits":0.1,"eval/video_path":"videos/Walker2d-v5_RPC_53_kl0.1_e5jkk4b0/eval_step69999_kl0.1.mp4","dual_loss":-0.008721895164676039,"variance_q_target":1761.015625,"mean_true_reward":1.1880015134811401,"max_q_target":119.57696533203125,"duration_step":0.03390240669250488,"min_true_reward":-1.347000002861023,"env_buffer_length":71468,"episodic_length":145,"actor_entropy":5.13469123840332,"eval/episodic_return":337.57914065884773,"kl_predictor":0.12570396065711975,"_timestamp":1.7592612127314487e+09,"eval/video":{"_type":"video-file","sha256":"fde62e4453c25f259b744aed89d00224113720c457c40ac5da1010ce3e1ad172","size":154487,"path":"media/videos/eval/video_69999_fde62e4453c25f259b74.mp4"},"robust_episodic_return":0.5000547382594456,"robust_episodic_length":0.2,"_step":71500,"_runtime":2880.854447215,"min_q_target":-66.54088592529297}