{"kl_predictor":10.142565727233887,"alpha":0.0759146586060524,"_runtime":19094.847254213,"critic_loss":13.428028106689453,"eval/episodic_length":1000,"max_true_reward":5.398996829986572,"dual_loss":0.7578359667805142,"robust_episodic_length":0.2,"episodic_length":1000,"eval/video_path":"videos/Walker2d-v5/RPC_93_kl10.0_l5bmsdkf/eval_step499999_kl10.0.mp4","eval/kl_target_bits":10,"posterior_entropy":-7.690623760223389,"eval/episodic_return":4199.842757459068,"duration_step":0.026950597763061523,"min_q_target":10.474943161010742,"alpha_loss":-0.7937252521514893,"mean_true_reward":3.2650671005249023,"min_true_reward":-1.5342704057693481,"_step":499999,"actor_entropy":1.6829454898834229,"env_buffer_length":499919,"variance_q_target":8999.35546875,"lambda_cost":0.004913542174230263,"actor_loss":-301.9936218261719,"eval/video":{"_type":"video-file","sha256":"30fe483648e02b68c7e70fe10c9341736d9ded33a052fa7f80ed5476d920d6cb","size":1769990,"path":"media/videos/eval/video_499999_30fe483648e02b68c7e7.mp4"},"_wandb":{"runtime":19094},"_timestamp":1.75941027216146e+09,"episodic_return":4227.085181620803,"robust_episodic_return":0.8911156640156662,"mean_q_target":300.957763671875,"max_q_target":387.7934265136719,"prior_entropy":2.5239288806915283}