{"min_q_target":16.704875946044922,"episodic_return":23.064094001004243,"mean_q_target":38.703590393066406,"eval/episodic_return":281.6518019037443,"prior_entropy":6.393779754638672,"_timestamp":1.7585759232943356e+09,"max_true_reward":3.129732608795166,"eval/video_path":"videos/HalfCheetah-v5_RPC_mdazgjnk/eval_step24999.mp4","_step":25000,"eval/video":{"sha256":"a9a02080b3b54121ea4df1d23233a851c03ba15cf483e4bad26a9bcf23b07545","size":1742678,"path":"media/videos/eval/video_24999_a9a02080b3b54121ea4d.mp4","_type":"video-file"},"lambda_cost":0.0032154303208548193,"actor_entropy":6.213312149047852,"min_true_reward":-1.9462602138519287,"robust_episodic_return":0.10595481778267413,"duration_step":0.013483762741088867,"posterior_entropy":-3.6981089115142822,"_runtime":483.332255751,"variance_q_target":317.3491516113281,"robust_episodic_length":0.2,"max_q_target":76.74476623535156,"env_buffer_length":25001,"critic_loss":1.8857505321502686,"episodic_length":1000,"_wandb":{"runtime":483},"actor_loss":-39.07547378540039,"mean_true_reward":0.19145499169826508,"dual_loss":2.4316250150759036,"eval/episodic_length":1000,"kl_predictor":10.423600196838379}