{"env_buffer_length":10001,"_timestamp":1.7592836076443887e+09,"episodic_return":-236.85103608621628,"eval/episodic_return":-4.613433324093564,"eval/episodic_length":1000,"robust_episodic_return":-0.018835346809807134,"robust_episodic_length":0.2,"eval/video":{"size":997821,"path":"media/videos/eval/video_9999_51aeb7b20a637ea32b1d.mp4","_type":"video-file","sha256":"51aeb7b20a637ea32b1dd3117a8c26a0f0b7d67cb5a213e25672ebd80e892c4e"},"eval/video_path":"videos/HalfCheetah-v5/RPC_93_kl0.1_gfph88js/eval_step9999_kl0.1.mp4","eval/kl_target_bits":0.1,"_wandb":{"runtime":32},"episodic_length":1000,"_runtime":32.780464114,"_step":10000}