{"eval/episodic_return":-29.566152294024597,"robust_episodic_length":0.2,"duration_step":0.08163118362426758,"posterior_entropy":-40.67216873168945,"critic_loss":2.3512485027313232,"eval/episodic_length":89,"_wandb":{"runtime":279},"_runtime":279.406988461,"max_q_target":36.180511474609375,"episodic_length":301,"eval/video_path":"videos/Walker2d-v5_RPC_1_kl65.0_jwjbiw1w/eval_step9999_kl65.0.mp4","min_q_target":-5.649534225463867,"min_true_reward":-1.9696710109710693,"mean_true_reward":0.2811157703399658,"robust_episodic_return":-0.5113238637735389,"actor_loss":-20.936866760253906,"eval/kl_target_bits":65,"_step":13105,"prior_entropy":4.294240951538086,"mean_q_target":18.85910987854004,"env_buffer_length":13106,"eval/video":{"size":98963,"path":"media/videos/eval/video_9999_ca655c9e2af4c6a2d7c4.mp4","_type":"video-file","sha256":"ca655c9e2af4c6a2d7c4b3ce4bef0b60614ca8577a00a1716d0df9c98b311eb2"},"variance_q_target":53.053253173828125,"max_true_reward":3.0304036140441895,"lambda_cost":1.0000000000000004e-06,"_timestamp":1.7592611931639855e+09,"kl_predictor":45.541908264160156,"actor_entropy":6.159178733825684,"episodic_return":442.43428579963165,"dual_loss":-268.8234454633376}