{"robust_episodic_length":0.2,"_step":2999,"eval/video":{"_type":"video-file","sha256":"9f9d608faf167b1f12c5f97e146af11a402dc1d7d2168b1d9e70ef2e2a9afa0f","size":1281671,"path":"media/videos/eval/video_1999_9f9d608faf167b1f12c5.mp4"},"eval/kl_target_bits":10,"_runtime":21.548157612,"robust_episodic_return":-0.03434551103210755,"eval/video_path":"videos/HalfCheetah-v5_RPC_kl10.0_oj4wzvay/eval_step1999_kl10.0.mp4","episodic_length":1000,"eval/episodic_length":1000,"_wandb":{"runtime":21},"episodic_return":-282.01704981030394,"eval/episodic_return":-39.56341630032669,"env_buffer_length":2001,"_timestamp":1.758739245164028e+09}