{"max_q_target":12.778753280639648,"lambda_cost":1.455954958610449e-05,"_wandb":{"runtime":11},"eval/episodic_length":121,"robust_episodic_length":1,"duration_step":0.01273655891418457,"actor_loss":-11.406185150146484,"alpha_loss":-1.5235326290130615,"episodic_length":26,"_step":10500,"min_q_target":-2.236633777618408,"max_true_reward":1.2368215322494507,"kl_predictor":6.252523422241211,"eval/video_path":"videos/Walker2d-v5/RPC_1_kl1.0_RPC_1_kl1_vl4bpqty/eval_step9999_kl1.0.mp4","episodic_return":10.11870850498352,"env_buffer_length":10483,"dual_loss":58.50367591785567,"_runtime":11.868811233,"eval/episodic_return":144.97453054987778,"mean_true_reward":0.09567821025848389,"min_true_reward":-2.2365520000457764,"robust_episodic_return":2.3403155703176726,"eval/video":{"_type":"video-file","sha256":"1a99baddc5349aeedfa519281eab1a4f49aba6dd4631e4f5527919904979955b","size":93315,"path":"media/videos/eval/video_9999_1a99baddc5349aeedfa5.mp4"},"critic_loss":1.5440211296081543,"mean_q_target":7.698085308074951,"eval/kl_target_bits":1,"alpha":0.857265055179596,"variance_q_target":7.310431957244873,"posterior_entropy":-4.819137096405029,"actor_entropy":7.845802307128906,"prior_entropy":1.1961166858673096,"_timestamp":1.7605854549635317e+09}