{"_runtime":4.308282629,"episodic_return":15.454966863869306,"env_buffer_length":983,"_timestamp":1.758749662734992e+09,"_step":982,"episodic_length":31,"_wandb":{"runtime":4}}