{"mean_true_reward":3.6403214931488037,"eval/episodic_length":1000,"actor_entropy":2.0130069255828857,"robust_episodic_length":0.2,"alpha":0.08115719258785248,"mean_q_target":332.6282653808594,"actor_loss":-332.8209533691406,"prior_entropy":1.2550078630447388,"episodic_return":5057.651927626697,"max_true_reward":7.750147819519043,"duration_step":0.05270504951477051,"critic_loss":10.78467082977295,"lambda_cost":0.07924569466381648,"_step":499999,"kl_predictor":2.924891710281372,"_runtime":19433.042510494,"eval/video":{"sha256":"fec5fe2f90d228167a34b9ba559a8f712a6cbfa2c5441249539d026a7d92cb46","size":1922777,"path":"media/videos/eval/video_499999_fec5fe2f90d228167a34.mp4","_type":"video-file"},"eval/episodic_return":5117.749222557356,"robust_episodic_return":0.9934875803965824,"max_q_target":453.716796875,"variance_q_target":9656.3056640625,"_wandb":{"runtime":19433},"episodic_length":1000,"min_true_reward":-0.705302357673645,"posterior_entropy":-1.7680003643035889,"eval/video_path":"videos/Walker2d-v5/RPC_24_kl3.0_2miabhng/eval_step499999_kl3.0.mp4","eval/kl_target_bits":3,"env_buffer_length":499680,"alpha_loss":1.1010206937789917,"dual_loss":-0.19040802828766384,"min_q_target":11.069194793701172,"_timestamp":1.7593730517685385e+09}