{"episodic_length":31,"episodic_return":15.454966863869306,"env_buffer_length":983,"_timestamp":1.7587495653349888e+09,"_step":982,"_wandb":{"runtime":2},"_runtime":2.368628287}