{"eval/video":{"sha256":"c11b37ef771ec6b4262ba2e31b8347647bc4a7d2833edbea77517991f72245d2","size":1832779,"path":"media/videos/eval/video_999999_c11b37ef771ec6b4262b.mp4","_type":"video-file"},"_wandb":{"runtime":18497},"_runtime":18497.558766172,"env_buffer_length":999237,"episodic_return":4541.244755280078,"lambda_cost":0.0002609181469069946,"robust_episodic_length":1,"critic_loss":15.692829132080078,"robust_episodic_return":4.475912314067182,"eval/episodic_return":4507.384012115189,"_step":1000000,"dual_loss":2.539065596231191,"episodic_length":1000,"max_true_reward":5.697393894195557,"min_true_reward":-0.4105241596698761,"eval/video_path":"videos/Walker2d-v5/2025-10-17_00-57-35_RPC_Walker2d-v5_seed_2_kl_30_7yk68e6e/eval_step999999_kl30.0.mp4","kl_predictor":30.30770492553711,"mean_true_reward":3.658576011657715,"eval/episodic_length":1000,"mean_q_target":361.31500244140625,"prior_entropy":16.349342346191406,"duration_step":0.015744447708129883,"variance_q_target":6237.27001953125,"posterior_entropy":-14.138345718383789,"eval/kl_target_bits":30,"max_q_target":434.124755859375,"actor_entropy":1.422316312789917,"_timestamp":1.7606955541211493e+09,"alpha":0.059802211821079254,"min_q_target":-33.89486312866211,"actor_loss":-361.5733642578125,"alpha_loss":0.12877824902534485}