{"mean_true_reward":3.655026912689209,"actor_entropy":2.210707902908325,"max_true_reward":7.357265949249268,"lambda_cost":1.0000000000000004e-06,"eval/kl_target_bits":30,"duration_step":0.02883148193359375,"_timestamp":1.7594303926667597e+09,"mean_q_target":340.97265625,"posterior_entropy":-14.138344764709473,"robust_episodic_return":0.9306871566659559,"episodic_return":4472.245115502034,"_runtime":19244.924312749,"eval/video":{"sha256":"52d8b6aaff93cc2c4ec7ac0d002f61bdeeb7b52db1e4c751b881005288f6dfef","size":1901997,"path":"media/videos/eval/video_499999_52d8b6aaff93cc2c4ec7.mp4","_type":"video-file"},"_step":499999,"dual_loss":-64.5483832657486,"alpha_loss":0.9225316643714905,"kl_predictor":25.32783317565918,"min_q_target":33.328250885009766,"env_buffer_length":499241,"robust_episodic_length":0.2,"episodic_length":1000,"actor_loss":-341.00927734375,"eval/episodic_length":1000,"critic_loss":11.304603576660156,"variance_q_target":6325.38916015625,"alpha":0.08196543157100677,"eval/video_path":"videos/Walker2d-v5/RPC_24_kl30.0_feiw4f82/eval_step499999_kl30.0.mp4","_wandb":{"runtime":19244},"min_true_reward":-1.019077181816101,"eval/episodic_return":4650.578555179893,"max_q_target":432.1205139160156,"prior_entropy":10.87583065032959}