{"prior_entropy":4.580331325531006,"alpha_loss":-1.1245635747909546,"min_true_reward":-0.35505497455596924,"critic_loss":15.353313446044922,"max_q_target":367.5734558105469,"alpha":0.0772477239370346,"max_true_reward":6.874011039733887,"robust_episodic_length":0.2,"mean_true_reward":3.1305840015411377,"episodic_return":4050.363261132816,"min_q_target":-3.8676981925964355,"_timestamp":1.7593911718907852e+09,"robust_episodic_return":0.6943429683843043,"eval/episodic_length":1000,"eval/episodic_return":4250.129184264,"duration_step":0.02843618392944336,"_wandb":{"runtime":18925},"kl_predictor":4.9398112297058105,"_runtime":18925.677581606,"env_buffer_length":499741,"dual_loss":-0.1921282477463165,"eval/video_path":"videos/Walker2d-v5/RPC_93_kl5.0_5wplt2fn/eval_step499999_kl5.0.mp4","variance_q_target":7141.43798828125,"actor_loss":-261.3052673339844,"mean_q_target":261.3379821777344,"posterior_entropy":-0.362393856048584,"eval/kl_target_bits":5,"episodic_length":1000,"actor_entropy":1.9664967060089111,"_step":499999,"eval/video":{"sha256":"a5f007834cdf589d086131f4c4fc2df639036e46c9f77f16aba26bfdbe2161af","size":1881393,"path":"media/videos/eval/video_499999_a5f007834cdf589d0861.mp4","_type":"video-file"},"lambda_cost":0.04110279290962463}