{"episodic_length":12,"episodic_return":-3.36818820795637,"env_buffer_length":9997,"_timestamp":1.7605903410491238e+09,"_step":9996,"_wandb":{"runtime":3},"_runtime":3.266850436}