{"robust_episodic_length":0.2,"_runtime":71.239738864,"eval/episodic_length":1000,"episodic_return":-100.28884137324671,"env_buffer_length":8001,"_wandb":{"runtime":71},"eval/episodic_return":-41.43755278390447,"_timestamp":1.758739213609708e+09,"eval/video":{"sha256":"e41d06b42e76365e30602a36e1e4f341581e026a855f9903e10cc46453b693ee","size":1255008,"path":"media/videos/eval/video_7999_e41d06b42e76365e3060.mp4","_type":"video-file"},"eval/video_path":"videos/HalfCheetah-v5_RPC_kl10.0_dj2movmf/eval_step7999_kl10.0.mp4","episodic_length":1000,"robust_episodic_return":-0.038075779423480595,"_step":8999,"eval/kl_target_bits":10}