{"robust_episodic_return":0.021879209084810163,"_timestamp":1.759283849820242e+09,"env_buffer_length":10001,"eval/video":{"path":"media/videos/eval/video_9999_803fd4bff0767aea75de.mp4","_type":"video-file","sha256":"803fd4bff0767aea75de91413c024e05fde064cfb86e6e14d9611cd379375656","size":1072668},"episodic_return":-237.64377735031115,"episodic_length":1000,"eval/kl_target_bits":0.1,"robust_episodic_length":0.2,"eval/video_path":"videos/HalfCheetah-v5/RPC_53_kl0.1_y3l4lybt/eval_step9999_kl0.1.mp4","eval/episodic_return":-7.857854892965567,"_runtime":42.16026013,"eval/episodic_length":1000,"_wandb":{"runtime":42},"_step":10000}