{"alpha":0.003903609700500965,"duration_step":0.1062021255493164,"min_true_reward":-0.2329235076904297,"dual_loss":-0.1720623326215929,"robust_episodic_return":0.49864702784939635,"prior_entropy":4.2502827644348145,"robust_episodic_length":0.2,"_step":499999,"eval/episodic_length":193.8,"episodic_return":301.35361007929504,"eval/video_path":"videos/Walker2d-v5/RPC_53_kl0.3_1dpadcwr/eval_step499999_kl0.3.mp4","mean_q_target":98.7508544921875,"mean_true_reward":1.613208293914795,"eval/episodic_return":313.5147139548996,"env_buffer_length":499955,"max_q_target":120.06327056884766,"max_true_reward":3.7417612075805664,"variance_q_target":836.3318481445312,"kl_predictor":0.21388201415538788,"eval/kl_target_bits":0.3,"min_q_target":-4.9304890632629395,"posterior_entropy":4.056128025054932,"critic_loss":0.5948742628097534,"_timestamp":1.759333809944706e+09,"_wandb":{"runtime":36540},"episodic_length":182,"lambda_cost":0.13559644229314166,"_runtime":36540.471192893,"actor_entropy":-0.1509668380022049,"actor_loss":-98.79620361328125,"alpha_loss":-4.550149917602539,"eval/video":{"size":161428,"path":"media/videos/eval/video_499999_9581f95eb0587de77a56.mp4","_type":"video-file","sha256":"9581f95eb0587de77a56df80a0cfe39be0f1568507fe8b7fc218347588559541"}}