{"prior_entropy":4.571784019470215,"mean_q_target":292.53271484375,"actor_entropy":2.2510180473327637,"_step":499999,"variance_q_target":11344.4013671875,"posterior_entropy":-0.5647436380386353,"duration_step":0.04352879524230957,"_wandb":{"runtime":19252},"alpha":0.06718552857637405,"_timestamp":1.7593915105595548e+09,"mean_true_reward":3.2360756397247314,"critic_loss":29.621131896972656,"eval/video_path":"videos/Walker2d-v5/RPC_53_kl5.0_hskt9s08/eval_step499999_kl5.0.mp4","min_true_reward":-1.6072968244552612,"env_buffer_length":499736,"eval/episodic_return":4472.797382358062,"dual_loss":-0.28285569822762613,"eval/kl_target_bits":5,"kl_predictor":4.914371013641357,"max_true_reward":5.860393524169922,"robust_episodic_length":0.2,"eval/video":{"sha256":"309b2e92062ab5dcda98328a459bebfd2f1e7b0db8ccef6ed2c892d533e0b7b4","size":1783407,"path":"media/videos/eval/video_499999_309b2e92062ab5dcda98.mp4","_type":"video-file"},"max_q_target":397.4837646484375,"episodic_length":1000,"episodic_return":4354.7373649055735,"min_q_target":-28.726802825927734,"alpha_loss":1.0872615575790405,"_runtime":19252.311012448,"actor_loss":-292.54571533203125,"lambda_cost":0.03677429207616048,"robust_episodic_return":0.951831639032956,"eval/episodic_length":1000}