{"_timestamp":1.7587495352059793e+09,"_wandb":{"runtime":2},"_runtime":2.365721876,"_step":982,"episodic_length":31,"episodic_return":15.454966863869306,"env_buffer_length":983}