{"variance_q_target":5243.60205078125,"env_buffer_length":999195,"min_q_target":6.431259632110596,"min_true_reward":-1.6656973361968994,"eval/episodic_length":1000,"eval/video":{"sha256":"0c0b973576b08124aade57b6ba68c41017237fa6dd772cec705d891a73618e27","size":1788264,"path":"media/videos/eval/video_999999_0c0b973576b08124aade.mp4","_type":"video-file"},"lambda_cost":0.06343879661984371,"max_q_target":412.3396911621094,"dual_loss":-0.10747707659172476,"alpha_loss":-1.0363391637802124,"robust_episodic_length":1,"eval/episodic_return":4069.1720327545736,"duration_step":0.0164492130279541,"episodic_length":1000,"prior_entropy":3.385380268096924,"_runtime":21334.440304357,"_wandb":{"runtime":21334},"mean_true_reward":3.3287715911865234,"_timestamp":1.7606770526357374e+09,"actor_entropy":1.333709955215454,"episodic_return":4168.982396857432,"_step":1000000,"actor_loss":-310.34259033203125,"mean_q_target":310.34332275390625,"alpha":0.04767867550253868,"eval/kl_target_bits":3,"eval/video_path":"videos/Walker2d-v5/2025-10-16_19-01-57_RPC_Walker2d-v5_seed_2_kl_3_4lsmbnlp/eval_step999999_kl3.0.mp4","posterior_entropy":0.3621291518211365,"robust_episodic_return":4.56684642363917,"kl_predictor":2.961024761199951,"critic_loss":15.471431732177734,"max_true_reward":6.1150803565979}