{"mean_true_reward":1.146040678024292,"_runtime":340.667889045,"critic_loss":9.973440170288086,"_wandb":{"runtime":340},"dual_loss":-0.4276531670382314,"variance_q_target":894.526123046875,"min_true_reward":-1.43717360496521,"episodic_length":184,"_timestamp":1.7587370063057823e+09,"robust_episodic_return":0.3160574879567476,"eval/episodic_length":252,"posterior_entropy":0.5906309485435486,"actor_loss":-98.75797271728516,"_step":24999,"max_q_target":147.70822143554688,"max_true_reward":3.9189085960388184,"env_buffer_length":24952,"actor_entropy":4.2849321365356445,"duration_step":0.013102293014526367,"eval/video":{"_type":"video-file","sha256":"b610ebf3c3004e00697a732956d882fde795ae24ec423c4fc788a25abae948c8","size":272328,"path":"media/videos/eval/video_24999_b610ebf3c3004e00697a.mp4"},"eval/video_path":"videos/Walker2d-v5_RPC_kl10.0_vhg762yz/eval_step24999_kl10.0.mp4","prior_entropy":10.38199234008789,"eval/episodic_return":476.78591696442754,"min_q_target":-1.6354899406433105,"eval/kl_target_bits":10,"lambda_cost":0.009282914678091775,"episodic_return":353.13435733415025,"kl_predictor":9.908622741699219,"mean_q_target":96.76483917236328,"robust_episodic_length":0.2}