{"variance_q_target":7064.10986328125,"kl_predictor":3.1995956897735596,"lambda_cost":0.0965683711734278,"actor_entropy":2.4559078216552734,"min_q_target":-6.672142505645752,"robust_episodic_length":0.2,"dual_loss":0.46664957320065875,"mean_q_target":293.4640808105469,"eval/episodic_return":4565.6191641203095,"_runtime":19254.132689027,"min_true_reward":-0.5867771506309509,"mean_true_reward":3.473510980606079,"episodic_length":1000,"_timestamp":1.7593722418175762e+09,"eval/kl_target_bits":3,"eval/video":{"size":1823462,"path":"media/videos/eval/video_499999_9b2278b3412e45fbcbbc.mp4","_type":"video-file","sha256":"9b2278b3412e45fbcbbce5a9a4d665032e89688b04a6427626dd500b5d19dfd5"},"prior_entropy":3.8745059967041016,"alpha":0.07168028503656387,"episodic_return":4618.771074442481,"robust_episodic_return":1.0370413299030816,"_step":499999,"eval/video_path":"videos/Walker2d-v5/RPC_53_kl3.0_558es4xd/eval_step499999_kl3.0.mp4","max_true_reward":6.44192361831665,"duration_step":0.03462862968444824,"max_q_target":393.1634826660156,"_wandb":{"runtime":19254},"posterior_entropy":0.7747223377227783,"alpha_loss":-0.4156409204006195,"actor_loss":-294.02508544921875,"env_buffer_length":499630,"eval/episodic_length":1000,"critic_loss":15.526422500610352}