{"min_true_reward":-1.9462602138519287,"mean_true_reward":0.19145499169826508,"_timestamp":1.7587301203555675e+09,"max_true_reward":3.129732608795166,"eval/episodic_return":281.6518019037443,"actor_entropy":6.213312149047852,"episodic_length":1000,"eval/video_path":"videos/HalfCheetah-v5_RPC_kl10.000b_vuhnasa5/eval_step24999_kl10.000b.mp4","prior_entropy":6.393779754638672,"env_buffer_length":25001,"duration_step":0.013310670852661133,"eval/video":{"sha256":"86117250f015f28fb42b6dd782ddb9153cf26c54b3303131f7efd6740a94cbe7","size":1742506,"path":"media/videos/eval/video_24999_86117250f015f28fb42b.mp4","_type":"video-file"},"robust_episodic_length":0.2,"kl_predictor":10.423600196838379,"dual_loss":2.4316250150759036,"min_q_target":16.704875946044922,"_step":25000,"robust_episodic_return":0.10595481778267413,"actor_loss":-39.07547378540039,"max_q_target":76.74476623535156,"posterior_entropy":-3.6981089115142822,"eval/episodic_length":1000,"variance_q_target":317.3491516113281,"critic_loss":1.8857505321502686,"episodic_return":23.064094001004243,"eval/kl_target_bits":10,"_wandb":{"runtime":481},"mean_q_target":38.703590393066406,"_runtime":481.056828268,"lambda_cost":0.0032154303208548193}