{"eval/kl_target_bits":0.1,"_timestamp":1.7592838458511236e+09,"robust_episodic_return":-0.018835346809807134,"_runtime":43.011144734,"_step":10000,"eval/episodic_length":1000,"robust_episodic_length":0.2,"_wandb":{"runtime":43},"eval/video_path":"videos/HalfCheetah-v5/RPC_93_kl0.1_jbcrqf64/eval_step9999_kl0.1.mp4","episodic_length":1000,"eval/video":{"_type":"video-file","sha256":"ab826a10f8fc9e842276966535d7d5a773ae18c5fe54b646f0a6da2dde705af7","size":997655,"path":"media/videos/eval/video_9999_ab826a10f8fc9e842276.mp4"},"env_buffer_length":10001,"eval/episodic_return":-4.613433324093564,"episodic_return":-236.85103608621628}