{"_timestamp":1.7587293191317134e+09,"_step":982,"_wandb":{"runtime":1},"_runtime":1.00334149,"episodic_length":31,"episodic_return":15.454966863869306,"env_buffer_length":983}