{"_wandb":{"runtime":7},"_runtime":7.377505852,"episodic_return":-0.34350395834148506,"env_buffer_length":7696,"_timestamp":1.759331934750337e+09,"_step":7695,"episodic_length":15}