{"episodic_return":-3.36818820795637,"env_buffer_length":9997,"_timestamp":1.7605903337089908e+09,"_step":9996,"_wandb":{"runtime":3},"_runtime":3.526020913,"episodic_length":12}