{"env_buffer_length":9997,"_timestamp":1.7606331869821854e+09,"_step":9996,"episodic_length":12,"episodic_return":-3.3681882079563588,"_wandb":{"runtime":5},"_runtime":5.731208752}