{"episodic_return":-3.36818820795637,"env_buffer_length":9997,"_timestamp":1.7605903834721472e+09,"_step":9996,"_wandb":{"runtime":3},"_runtime":3.063775691,"episodic_length":12}