{"robust_episodic_length":1,"eval/video":{"_type":"video-file","sha256":"74fc1856f2bb83edc9c9e336e433d01650e4110ec8616301017ca87b14bfc5e1","size":152992,"path":"media/videos/eval/video_9999_74fc1856f2bb83edc9c9.mp4"},"eval/episodic_return":81.80742697655238,"episodic_return":-5.943864450107053,"robust_episodic_return":-0.3577806152543278,"eval/video_path":"videos/Walker2d-v5/2025-10-16_13-25-31_RPC_Walker2d-v5_seed_1_kl_1_filmw25g/eval_step9999_kl1.0.mp4","env_buffer_length":18045,"eval/kl_target_bits":1,"episodic_length":19,"_timestamp":1.7606355396057732e+09,"_step":18044,"_wandb":{"runtime":7},"_runtime":7.123832335,"eval/episodic_length":94.4}