{"_wandb":{"runtime":19174},"lambda_cost":1.0000000000000004e-06,"min_true_reward":-1.2799551486968994,"min_q_target":3.74336576461792,"_runtime":19174.390536136,"actor_loss":-325.854736328125,"eval/video_path":"videos/Walker2d-v5/RPC_53_kl30.0_yhk1hrhg/eval_step499999_kl30.0.mp4","posterior_entropy":-14.138344764709473,"actor_entropy":1.3385425806045532,"prior_entropy":15.439472198486328,"kl_predictor":30.150678634643555,"mean_q_target":326.0619812011719,"alpha":0.0665634423494339,"eval/video":{"size":1796073,"path":"media/videos/eval/video_499999_fff0106193c6dbe8c17f.mp4","_type":"video-file","sha256":"fff0106193c6dbe8c17f4079d376cc51f99d0c64313bdac903a99ffb14c562a3"},"episodic_length":1000,"_timestamp":1.7594297894475315e+09,"env_buffer_length":499540,"robust_episodic_return":0.7687373640579324,"eval/kl_target_bits":30,"variance_q_target":8225.3271484375,"max_true_reward":5.559288024902344,"max_q_target":419.9010314941406,"dual_loss":2.081707620323566,"eval/episodic_length":1000,"robust_episodic_length":0.2,"mean_true_reward":3.3629579544067383,"episodic_return":4688.418213955039,"eval/episodic_return":4419.824750933602,"alpha_loss":-0.5676395893096924,"_step":499999,"duration_step":0.04430222511291504,"critic_loss":20.003658294677734}