{"posterior_entropy":-9.297348022460938,"robust_episodic_return":-0.38286184109111987,"episodic_length":297,"duration_step":0.03152728080749512,"actor_entropy":6.4951958656311035,"mean_true_reward":0.18500399589538574,"max_true_reward":2.931765079498291,"_runtime":261.526545699,"dual_loss":86.32326334850882,"actor_loss":-54.38544464111328,"kl_predictor":13.372003555297852,"alpha":0.28215891122817993,"eval/video":{"sha256":"62770d09c61ca3c079ea55fde09d86dd469e7e10ddcfaf25d228120e750e1cdb","size":132141,"path":"media/videos/eval/video_19999_62770d09c61ca3c079ea.mp4","_type":"video-file"},"min_q_target":-1.784384846687317,"_timestamp":1.760590709180543e+09,"env_buffer_length":24519,"eval/video_path":"videos/Walker2d-v5/RPC_1_kl0.1_RPC_1_kl0.1_1ry2ye1a/eval_step19999_kl0.1.mp4","variance_q_target":217.1251983642578,"critic_loss":14.757024765014648,"mean_q_target":50.54575729370117,"robust_episodic_length":1,"eval/episodic_return":87.66811774008754,"lambda_cost":0.0014985761666304579,"min_true_reward":-1.9678529500961304,"prior_entropy":3.7108263969421387,"_wandb":{"runtime":261},"eval/kl_target_bits":0.1,"alpha_loss":-8.987534523010254,"eval/episodic_length":105,"_step":24518,"episodic_return":429.87578706837814,"max_q_target":72.18905639648438}