{"max_true_reward":1.5539424419403076,"min_true_reward":-2.2365520000457764,"_wandb":{"runtime":10},"env_buffer_length":10450,"episodic_return":12.981104569456607,"kl_predictor":26.428844451904297,"max_q_target":13.275044441223145,"critic_loss":1.1238625049591064,"prior_entropy":17.923715591430664,"posterior_entropy":-4.605806350708008,"robust_episodic_length":1,"eval/episodic_length":121,"eval/episodic_return":144.97453054987778,"duration_step":0.010923147201538086,"eval/kl_target_bits":-1,"eval/video":{"sha256":"75a99b46aa56ae87cc3ac6c9eccd109b76c6810ba0fe7a82000b4eeda714febe","size":93300,"path":"media/videos/eval/video_9999_75a99b46aa56ae87cc3a.mp4","_type":"video-file"},"episodic_length":48,"min_q_target":-2.2368428707122803,"variance_q_target":6.918717384338379,"actor_entropy":7.746738910675049,"actor_loss":-11.45819091796875,"_runtime":10.811410477,"mean_true_reward":0.10277874767780304,"alpha":0.8573532700538635,"alpha_loss":-1.503903865814209,"_step":10500,"eval/video_path":"videos/Walker2d-v5/RPC_1_kl-1.0_RPC_1_kl-1_idbeppz4/eval_step9999_kl-1.0.mp4","_timestamp":1.7605884437489917e+09,"robust_episodic_return":2.3403155703176726,"mean_q_target":7.725665092468262}