{"episodic_length":1000,"episodic_return":1030.8074205677874,"actor_loss":-29.820537567138672,"max_q_target":56.09397888183594,"critic_loss":1.2208919525146484,"kl_predictor":4.889387607574463,"_step":25000,"min_true_reward":-1.9462602138519287,"eval/episodic_return":645.368262890653,"posterior_entropy":1.1663025617599487,"mean_q_target":29.132471084594727,"dual_loss":-0.48287879737036465,"_timestamp":1.7585753939659817e+09,"max_true_reward":2.704925298690796,"mean_true_reward":-0.04435393214225769,"robust_episodic_length":0.2,"actor_entropy":6.336495876312256,"env_buffer_length":25001,"variance_q_target":129.16903686523438,"robust_episodic_return":0.11833247850243538,"eval/video_path":"videos/HalfCheetah-v5_RPC_pyjl6gbx/eval_step24999.mp4","min_q_target":8.97852611541748,"_wandb":{"runtime":489},"eval/video":{"path":"media/videos/eval/video_24999_77dced14c69b609c55df.mp4","_type":"video-file","sha256":"77dced14c69b609c55df5b0bb944d50fad2bcf6f78b8c36595b24bc83a18029e","size":2093581},"lambda_cost":0.012712771970519628,"_runtime":489.498906719,"eval/episodic_length":1000,"duration_step":0.01520395278930664,"prior_entropy":6.090798377990723}