{"max_true_reward":3.8476545810699463,"_wandb":{"runtime":261},"max_q_target":68.73949432373047,"_step":24552,"dual_loss":77.19578978654461,"robust_episodic_return":-0.38286184109111987,"_runtime":261.296198994,"mean_true_reward":0.1963929384946823,"eval/kl_target_bits":1,"episodic_return":61.05072443968823,"posterior_entropy":-9.050273895263672,"eval/episodic_return":87.66811774008754,"_timestamp":1.760590719384349e+09,"alpha_loss":-9.013184547424316,"robust_episodic_length":1,"eval/episodic_length":105,"actor_entropy":6.461894989013672,"min_true_reward":-1.75664484500885,"env_buffer_length":24553,"eval/video_path":"videos/Walker2d-v5/RPC_1_kl1.0_RPC_1_kl1_mads5cla/eval_step19999_kl1.0.mp4","eval/video":{"_type":"video-file","sha256":"b8d4de8f025d8cc7a331706b0d573274c3d22aed556434bc3511282db94b991e","size":132294,"path":"media/videos/eval/video_19999_b8d4de8f025d8cc7a331.mp4"},"prior_entropy":3.6159305572509766,"kl_predictor":12.900650024414062,"mean_q_target":50.34454345703125,"alpha":0.28164786100387573,"critic_loss":14.742944717407227,"episodic_length":200,"variance_q_target":230.7010040283203,"min_q_target":-1.7792508602142334,"actor_loss":-54.20026779174805,"duration_step":0.042183876037597656,"lambda_cost":0.0015249193468484152}