{"_wandb":{"runtime":6},"_runtime":6.73503985,"_step":9000,"episodic_length":1000,"episodic_return":-231.6661116969552,"env_buffer_length":9001,"_timestamp":1.7592834937594597e+09}