{"_timestamp":1.760657196455079e+09,"variance_q_target":10038.5537109375,"eval/episodic_return":4593.870348796418,"critic_loss":11.77437686920166,"min_q_target":-14.381941795349121,"env_buffer_length":999415,"_step":1000000,"posterior_entropy":-4.718625068664551,"episodic_length":1000,"eval/video_path":"videos/Walker2d-v5/2025-10-16_13-25-46_RPC_Walker2d-v5_seed_2_kl_1_47h6gdg8/eval_step999999_kl1.0.mp4","_wandb":{"runtime":21649},"max_true_reward":5.726048946380615,"prior_entropy":-3.650806188583374,"duration_step":0.01767253875732422,"max_q_target":418.1285400390625,"episodic_return":4555.989178371058,"eval/episodic_length":1000,"alpha_loss":-0.5572549104690552,"alpha":0.06947583705186844,"min_true_reward":-0.7434163689613342,"actor_entropy":1.9931724071502686,"actor_loss":-310.998046875,"eval/kl_target_bits":1,"mean_true_reward":3.684393882751465,"lambda_cost":0.3389856781392794,"eval/video":{"path":"media/videos/eval/video_999999_b05184c59424899a0e66.mp4","_type":"video-file","sha256":"b05184c59424899a0e661499fe6f48c38fbedb6b51ef2115f2d2e2c0eabc7c8e","size":1898380},"robust_episodic_length":1,"kl_predictor":1.1128140687942505,"mean_q_target":311.5851135253906,"_runtime":21649.059368007,"robust_episodic_return":4.831807100250726,"dual_loss":0.1220665019855699}