{"_step":1000000,"mean_q_target":373.9798889160156,"actor_loss":-373.2584228515625,"kl_predictor":9.663941383361816,"_wandb":{"runtime":21024},"alpha_loss":-0.23590320348739624,"episodic_length":1000,"lambda_cost":0.007467149839205967,"_timestamp":1.7606782245713987e+09,"dual_loss":-1.6455685815383585,"eval/kl_target_bits":10,"episodic_return":5347.932771639282,"critic_loss":31.491626739501953,"variance_q_target":13195.8681640625,"eval/episodic_return":5544.39133996787,"duration_step":0.01639080047607422,"max_q_target":500.49468994140625,"alpha":0.11243046820163727,"env_buffer_length":999977,"eval/video_path":"videos/Walker2d-v5/2025-10-16_19-26-39_RPC_Walker2d-v5_seed_2_kl_10_ztxwz25x/eval_step999999_kl10.0.mp4","eval/video":{"_type":"video-file","sha256":"3f37084201ecbe1813f84374ed219e9a5470b6c73ea326e4f4cab6f194b7af69","size":1978490,"path":"media/videos/eval/video_999999_3f37084201ecbe1813f8.mp4"},"posterior_entropy":-1.454039216041565,"robust_episodic_length":1,"_runtime":21024.102404956,"mean_true_reward":4.13603401184082,"min_true_reward":-0.6758332252502441,"max_true_reward":7.536961555480957,"robust_episodic_return":6.1163255685451965,"min_q_target":-19.70627212524414,"eval/episodic_length":1000,"prior_entropy":8.352420806884766,"actor_entropy":2.349125385284424}