{"alpha_loss":-0.8202382326126099,"min_q_target":-4.847426891326904,"eval/kl_target_bits":0.3,"lambda_cost":1.068666800647185,"_step":1000000,"critic_loss":8.392448425292969,"actor_loss":-170.63760375976562,"eval/episodic_length":288.4,"eval/video":{"_type":"video-file","sha256":"ea4ea354b890393c4a17dddba869bed0f90c1517caa501e002eb2467068382d1","size":487745,"path":"media/videos/eval/video_999999_ea4ea354b890393c4a17.mp4"},"variance_q_target":2655.5244140625,"kl_predictor":0.23319000005722046,"actor_entropy":2.041757345199585,"robust_episodic_return":4.957825072510552,"eval/video_path":"videos/Walker2d-v5/2025-10-16_13-25-46_RPC_Walker2d-v5_seed_2_kl_0.3_qaqhckjo/eval_step999999_kl0.3.mp4","episodic_return":1046.9559843358345,"max_q_target":244.14808654785156,"alpha":0.04023746773600578,"robust_episodic_length":1,"episodic_length":298,"max_true_reward":5.5827178955078125,"dual_loss":0.004417903400141,"mean_true_reward":2.3725242614746094,"mean_q_target":170.7373046875,"env_buffer_length":999770,"prior_entropy":-5.48588752746582,"_timestamp":1.7606560627304904e+09,"duration_step":0.016850948333740234,"eval/episodic_return":997.4104265975606,"_runtime":20515.299088334,"min_true_reward":-1.817972183227539,"_wandb":{"runtime":20515},"posterior_entropy":-5.857791900634766}