{"env_buffer_length":9997,"_timestamp":1.760590394168458e+09,"_step":9996,"_wandb":{"runtime":2},"_runtime":2.980872257,"episodic_length":12,"episodic_return":-3.36818820795637}