{"episodic_length":1000,"eval/episodic_length":1000,"_runtime":33.079231285,"_step":9999,"_wandb":{"runtime":33},"episodic_return":-223.45640648134855,"env_buffer_length":9001,"eval/episodic_return":-7.857854892965567,"_timestamp":1.7592836453464358e+09}