{"duration_step":0.03836250305175781,"critic_loss":8.523285865783691,"max_true_reward":3.509732246398926,"mean_q_target":69.4988784790039,"min_true_reward":-1.4966083765029907,"variance_q_target":2016.958251953125,"episodic_return":289.13517181775256,"_step":71500,"episodic_length":169,"_timestamp":1.759261212344929e+09,"dual_loss":0.004595094411825368,"max_q_target":118.59528350830078,"_runtime":2880.971870649,"kl_predictor":0.08508598804473877,"actor_entropy":5.259773254394531,"env_buffer_length":71454,"robust_episodic_length":0.2,"lambda_cost":1.3605744677139093,"_wandb":{"runtime":2880},"robust_episodic_return":0.489450327363008,"eval/episodic_return":327.1953797193779,"min_q_target":-38.491668701171875,"actor_loss":-70.46084594726562,"prior_entropy":34.03032684326172,"posterior_entropy":33.89956283569336,"mean_true_reward":0.942169189453125,"eval/kl_target_bits":0.1,"eval/video":{"path":"media/videos/eval/video_69999_bca2c2964f1338397080.mp4","_type":"video-file","sha256":"bca2c2964f13383970809f276ac75564477de3efe0743319ac9f5dbec038ef95","size":152452},"eval/episodic_length":206,"eval/video_path":"videos/Walker2d-v5_RPC_24_kl0.1_50tvu5gg/eval_step69999_kl0.1.mp4"}