{"env_buffer_length":9997,"_timestamp":1.7605903576757748e+09,"_wandb":{"runtime":3},"_runtime":3.086895969,"_step":9996,"episodic_length":12,"episodic_return":-3.36818820795637}