{"_runtime":34.075452106,"episodic_length":1000,"_timestamp":1.7592836459244864e+09,"_step":9999,"episodic_return":-231.6661116969552,"eval/episodic_return":-4.491205550518624,"eval/episodic_length":1000,"_wandb":{"runtime":34},"env_buffer_length":9001}