{"eval/kl_target_bits":1,"posterior_entropy":-2.048387050628662,"episodic_length":304,"eval/video":{"_type":"video-file","sha256":"7ad6e0a415ca5823d0b8e62dff294144a0a79babb6a6614d227b039eb9c20bc0","size":638217,"path":"media/videos/eval/video_499999_7ad6e0a415ca5823d0b8.mp4"},"robust_episodic_length":0.2,"episodic_return":950.9049279062401,"critic_loss":7.071915149688721,"alpha_loss":0.18946076929569244,"actor_entropy":1.86212158203125,"variance_q_target":4841.32861328125,"eval/episodic_length":382.8,"robust_episodic_return":0.7508177825579281,"kl_predictor":1.0317350625991821,"_step":499999,"_runtime":18946.818361053,"_wandb":{"runtime":18946},"max_q_target":284.721435546875,"eval/episodic_return":1354.390798401402,"prior_entropy":-1.086389183998108,"min_true_reward":-0.705302357673645,"max_true_reward":5.873676776885986,"mean_true_reward":2.9270734786987305,"actor_loss":-201.49917602539062,"lambda_cost":0.23551657455009348,"_timestamp":1.7593529830516353e+09,"eval/video_path":"videos/Walker2d-v5/RPC_24_kl1.0_apak5ca5/eval_step499999_kl1.0.mp4","dual_loss":0.04588739917345626,"duration_step":0.044870853424072266,"alpha":0.0380047969520092,"env_buffer_length":499616,"min_q_target":6.00114631652832,"mean_q_target":201.0430145263672}