{"kl_predictor":31.814054489135742,"max_true_reward":4.809814929962158,"prior_entropy":14.30325698852539,"robust_episodic_length":0.2,"actor_entropy":4.363373756408691,"episodic_return":3561.0536121457963,"env_buffer_length":499977,"lambda_cost":0.0008769850608060885,"critic_loss":6.892678260803223,"variance_q_target":6076.46240234375,"min_q_target":0.3710421919822693,"_step":499999,"_wandb":{"runtime":19853},"max_q_target":357.31842041015625,"mean_true_reward":2.752986192703247,"_timestamp":1.7587697466227708e+09,"robust_episodic_return":0.7575311147468355,"eval/episodic_length":1000,"actor_loss":-283.0663146972656,"eval/kl_target_bits":30,"posterior_entropy":-19.135055541992188,"mean_q_target":282.593505859375,"duration_step":0.03930234909057617,"eval/video_path":"videos/Walker2d-v5_RPC_kl30.0_yrxn8dsw/eval_step499999_kl30.0.mp4","eval/video":{"path":"media/videos/eval/video_499999_135077d802855c81d37e.mp4","_type":"video-file","sha256":"135077d802855c81d37e8ef41cfac4df6ad8f0211225a16cee30699398435009","size":1757641},"dual_loss":12.768737928766418,"min_true_reward":-1.097702145576477,"episodic_length":1000,"_runtime":19853.375914544,"eval/episodic_return":3579.223842191131}