{"posterior_entropy":11.215561866760254,"episodic_return":847.7554870254829,"actor_entropy":4.6341447830200195,"variance_q_target":2761.405029296875,"eval/kl_target_bits":0.3,"_runtime":19973.421620966,"eval/episodic_length":468,"mean_true_reward":2.3058974742889404,"min_true_reward":-0.9051789045333862,"eval/video_path":"videos/Walker2d-v5_RPC_kl0.3_h3qct10s/eval_step499999_kl0.3.mp4","max_true_reward":6.17435884475708,"actor_loss":-168.1298828125,"eval/video":{"path":"media/videos/eval/video_499999_de51996979f3e829cd60.mp4","_type":"video-file","sha256":"de51996979f3e829cd60071e0231d31853c1a2e6cd52b644f7af5be360d27232","size":652326},"_step":499999,"_timestamp":1.7588320422109866e+09,"episodic_length":284,"robust_episodic_return":0.9542007519056105,"lambda_cost":0.9051096947939973,"duration_step":0.044521331787109375,"eval/episodic_return":1329.7940230526735,"kl_predictor":0.26475581526756287,"env_buffer_length":499814,"robust_episodic_length":0.2,"min_q_target":-52.08555221557617,"_wandb":{"runtime":19973},"prior_entropy":11.545076370239258,"dual_loss":-0.0035063748226895177,"mean_q_target":168.0322723388672,"max_q_target":247.56492614746094,"critic_loss":13.678377151489258}