{"eval/kl_target_bits":1,"_wandb":{"runtime":4},"_step":9999,"eval/video":{"sha256":"9e187d39e7193871d043111c70167fe751d58fc72b850cd310bac1b5e3e861a5","size":93229,"path":"media/videos/eval/video_9999_9e187d39e7193871d043.mp4","_type":"video-file"},"robust_episodic_return":2.3403155703176726,"episodic_length":12,"env_buffer_length":9997,"episodic_return":-3.36818820795637,"_timestamp":1.7605854255871074e+09,"eval/video_path":"videos/Walker2d-v5/RPC_1_kl1.0_RPC_1_kl1_5t9hs01s/eval_step9999_kl1.0.mp4","_runtime":4.678468295,"eval/episodic_return":144.97453054987778,"robust_episodic_length":1,"eval/episodic_length":121}