{"max_q_target":119.6806411743164,"actor_entropy":5.161235332489014,"eval/video":{"sha256":"95a7afc86d8f231a01419c07261c014e9bb17feee8ba51e912e1f691e5efae37","size":149422,"path":"media/videos/eval/video_69999_95a7afc86d8f231a0141.mp4","_type":"video-file"},"eval/video_path":"videos/Walker2d-v5_RPC_93_kl0.1_pfri4y0f/eval_step69999_kl0.1.mp4","duration_step":0.06139993667602539,"min_true_reward":-2.191370964050293,"episodic_length":205,"kl_predictor":0.07002047449350357,"eval/episodic_length":185,"critic_loss":16.123172760009766,"mean_q_target":63.15390396118164,"_runtime":2881.020456197,"_wandb":{"runtime":2881},"variance_q_target":2494.251220703125,"_timestamp":1.7592612076244555e+09,"posterior_entropy":37.24992752075195,"actor_loss":-62.826045989990234,"env_buffer_length":71233,"dual_loss":0.01187736524056141,"_step":71232,"mean_true_reward":1.0069917440414429,"eval/episodic_return":306.38552980128287,"robust_episodic_length":0.2,"lambda_cost":1.484943372834728,"max_true_reward":3.496506690979004,"min_q_target":-32.702266693115234,"prior_entropy":37.33284378051758,"eval/kl_target_bits":0.1,"episodic_return":324.50326761356746,"robust_episodic_return":0.4852949895896631}