{"posterior_entropy":-2.1803274154663086,"eval/kl_target_bits":5,"eval/episodic_return":4156.01488362827,"variance_q_target":5588.96728515625,"dual_loss":-0.44666376876599206,"episodic_length":64,"actor_loss":-312.18243408203125,"alpha":0.05601201578974724,"max_true_reward":5.511862277984619,"_runtime":19178.112098423,"robust_episodic_return":0.7164992416478497,"robust_episodic_length":0.2,"eval/video_path":"videos/Walker2d-v5/RPC_24_kl5.0_xvle9jwe/eval_step499999_kl5.0.mp4","actor_entropy":1.7288787364959717,"max_q_target":391.98028564453125,"_step":499999,"lambda_cost":0.025873044166563355,"mean_q_target":311.60943603515625,"_wandb":{"runtime":19178},"alpha_loss":-0.8608339428901672,"episodic_return":77.96170211745182,"min_q_target":-1.3458703756332397,"kl_predictor":4.877774715423584,"min_true_reward":-1.0176397562026978,"env_buffer_length":499039,"eval/video":{"size":1796114,"path":"media/videos/eval/video_499999_774eacd2e78f35bb6e50.mp4","_type":"video-file","sha256":"774eacd2e78f35bb6e504113d935c0be81d7612a8c0ed6b5d61b9437a6f84b01"},"critic_loss":13.404446601867676,"duration_step":0.05233621597290039,"_timestamp":1.7593922348775425e+09,"mean_true_reward":3.1909091472625732,"prior_entropy":2.7391884326934814,"eval/episodic_length":1000}