{"_wandb":{"runtime":11},"robust_episodic_return":2.3403155703176726,"eval/kl_target_bits":1,"max_q_target":12.778753280639648,"posterior_entropy":-4.819137096405029,"actor_loss":-11.406185150146484,"_timestamp":1.760585692228431e+09,"dual_loss":58.50367591785567,"alpha":0.857265055179596,"min_true_reward":-2.2365520000457764,"lambda_cost":1.455954958610449e-05,"eval/video":{"size":93316,"path":"media/videos/eval/video_9999_8971bd4fc61df5a4d9f3.mp4","_type":"video-file","sha256":"8971bd4fc61df5a4d9f3dc72e4bf53d334cfb77253b93fd4583229b80355ce83"},"episodic_length":26,"episodic_return":10.11870850498352,"critic_loss":1.5440211296081543,"prior_entropy":1.1961166858673096,"max_true_reward":1.2368215322494507,"env_buffer_length":10483,"_step":10500,"duration_step":0.012760400772094727,"eval/episodic_length":121,"_runtime":11.979705275,"robust_episodic_length":1,"eval/video_path":"videos/Walker2d-v5/RPC_1_kl1.0_RPC_1_kl1_ix8in5b7/eval_step9999_kl1.0.mp4","variance_q_target":7.310431957244873,"mean_q_target":7.698085308074951,"min_q_target":-2.236633777618408,"mean_true_reward":0.09567821025848389,"alpha_loss":-1.5235326290130615,"actor_entropy":7.845802307128906,"eval/episodic_return":144.97453054987778,"kl_predictor":6.252523422241211}