{"episodic_return":3875.2593911202757,"critic_loss":17.54709243774414,"episodic_length":1000,"alpha":0.0643373355269432,"alpha_loss":1.1449552774429321,"eval/episodic_length":1000,"eval/video_path":"videos/Walker2d-v5/RPC_53_kl10.0_2b82wkvk/eval_step499999_kl10.0.mp4","actor_loss":-287.8927001953125,"robust_episodic_length":0.2,"actor_entropy":1.932992935180664,"_wandb":{"runtime":19093},"dual_loss":1.1004085414297025,"_step":499999,"lambda_cost":0.0047809080069097076,"max_q_target":370.14324951171875,"kl_predictor":10.205924034118652,"min_true_reward":-1.0978724956512451,"env_buffer_length":499107,"_timestamp":1.7594106096316955e+09,"eval/episodic_return":3895.780289444038,"eval/kl_target_bits":10,"eval/video":{"path":"media/videos/eval/video_499999_abca08b5e30714ebf08c.mp4","_type":"video-file","sha256":"abca08b5e30714ebf08ccad95a5608043bf06821d12d2c84da0645d88ed22189","size":1822422},"mean_true_reward":2.960663318634033,"variance_q_target":5949.921875,"posterior_entropy":-5.754311561584473,"_runtime":19093.496215924,"min_q_target":-10.05742073059082,"prior_entropy":4.608456611633301,"robust_episodic_return":1.0212079745034437,"max_true_reward":5.95280122756958,"mean_q_target":287.5987243652344,"duration_step":0.032788753509521484}