{"_wandb":{"runtime":29},"_runtime":29.962469958,"episodic_return":-231.6661116969552,"_timestamp":1.7592835958885741e+09,"episodic_length":1000,"env_buffer_length":9001,"eval/episodic_return":-4.491205550518624,"eval/episodic_length":1000,"_step":9999}