{"eval/episodic_return":-7.857854892965567,"_runtime":32.036122782,"episodic_length":1000,"_timestamp":1.7592835977991865e+09,"_wandb":{"runtime":32},"_step":9999,"eval/episodic_length":1000,"episodic_return":-223.45640648134855,"env_buffer_length":9001}