{"episodic_length":1000,"episodic_return":-302.71205213455465,"_step":9999,"_runtime":29.418218626,"eval/episodic_length":1000,"env_buffer_length":9001,"_wandb":{"runtime":29},"_timestamp":1.7592837206735027e+09,"eval/episodic_return":-4.613433324093564}