{"_runtime":3.059673187,"eval/episodic_return":-41.958429625778074,"eval/episodic_length":1000,"_timestamp":1.7587295253676262e+09,"_step":999,"_wandb":{"runtime":3}}