{"_step":9999,"eval/episodic_return":144.97453054987778,"_wandb":{"runtime":3},"_timestamp":1.7605880331065314e+09,"episodic_return":-3.36818820795637,"env_buffer_length":9997,"episodic_length":12,"eval/episodic_length":121,"_runtime":3.851382892}