{"eval/video":{"path":"media/videos/eval/video_499999_6523526b9c91e2c766f9.mp4","_type":"video-file","sha256":"6523526b9c91e2c766f951c5c378dc45892a07e2d198339c219d38e94e527bae","size":857648},"robust_episodic_return":0.8002954572542151,"_timestamp":1.7588320677633405e+09,"posterior_entropy":3.527144432067871,"mean_true_reward":2.5038583278656006,"dual_loss":0.07265225891877156,"max_true_reward":5.6927103996276855,"critic_loss":14.37033462524414,"eval/episodic_return":1608.6209847469388,"duration_step":0.013433694839477539,"episodic_length":822,"actor_entropy":4.549352169036865,"prior_entropy":4.499147891998291,"mean_q_target":192.1456298828125,"min_q_target":-1.7672299146652222,"episodic_return":2836.2947209638182,"env_buffer_length":499597,"lambda_cost":0.23749269773493292,"variance_q_target":4524.68701171875,"robust_episodic_length":0.2,"_runtime":20024.989677592,"eval/video_path":"videos/Walker2d-v5_RPC_kl1.0_355xurwz/eval_step499999_kl1.0.mp4","eval/kl_target_bits":1,"actor_loss":-191.12057495117188,"eval/episodic_length":542,"kl_predictor":1.0505433082580566,"max_q_target":311.7423400878906,"_step":499999,"min_true_reward":-1.8219709396362305,"_wandb":{"runtime":20024}}