{"episodic_return":4404.534622102122,"_step":1000000,"mean_true_reward":3.347979784011841,"eval/video_path":"videos/Walker2d-v5/2025-10-16_13-21-55_RPC_Walker2d-v5_seed_1_kl_0_yd7znlev/eval_step999999_kl0.0.mp4","eval/episodic_length":829.4,"alpha":0.06342671066522598,"eval/kl_target_bits":0,"actor_entropy":1.8151719570159912,"max_q_target":442.098876953125,"_wandb":{"runtime":12949},"max_true_reward":5.274038314819336,"kl_predictor":488.3812255859375,"robust_episodic_length":1,"env_buffer_length":999627,"_runtime":12949.689717499,"alpha_loss":-1.8441452980041504,"_timestamp":1.7606482662933333e+09,"eval/episodic_return":3656.864046171181,"mean_q_target":343.1000061035156,"actor_loss":-342.9725341796875,"robust_episodic_return":2.1104204493791103,"prior_entropy":18.021465301513672,"min_q_target":3.037952423095703,"episodic_length":1000,"duration_step":0.010015726089477539,"eval/video":{"_type":"video-file","sha256":"0a1ab6ecf32f2af650a21c7d1e489984cec96ad1bfd11acdf17e0926a052ab8f","size":1865900,"path":"media/videos/eval/video_999999_0a1ab6ecf32f2af650a2.mp4"},"critic_loss":7.829328536987305,"min_true_reward":-0.8345244526863098,"variance_q_target":8565.2041015625,"posterior_entropy":-14.138345718383789}