{"robust_episodic_return":2.3403155703176726,"duration_step":0.013014078140258789,"alpha":0.8570400476455688,"_timestamp":1.7605857640073097e+09,"eval/episodic_return":144.97453054987778,"dual_loss":67.23341405721408,"eval/video":{"_type":"video-file","sha256":"ea8081f65fae9858c9ef866737877508d557ed4b32d8b599543ac2365b68305b","size":93426,"path":"media/videos/eval/video_9999_ea8081f65fae9858c9ef.mp4"},"critic_loss":1.1892696619033813,"eval/video_path":"videos/Walker2d-v5/RPC_1_kl1.0_RPC_1_kl1_pk1f1v06/eval_step9999_kl1.0.mp4","_runtime":9.65764018,"mean_q_target":8.125537872314453,"env_buffer_length":980,"prior_entropy":1.2697497606277466,"max_q_target":13.940577507019043,"variance_q_target":7.783512592315674,"kl_predictor":7.044296741485596,"mean_true_reward":0.16009986400604248,"eval/kl_target_bits":1,"min_true_reward":-1.6308878660202026,"lambda_cost":1.477693027791984e-05,"posterior_entropy":-4.91328763961792,"robust_episodic_length":1,"actor_loss":-11.592700958251953,"_wandb":{"runtime":9},"actor_entropy":7.9781975746154785,"eval/episodic_length":121,"episodic_return":7.362831568268442,"episodic_length":32,"min_q_target":-1.6309854984283447,"alpha_loss":-1.5281046628952026,"max_true_reward":1.8482422828674316,"_step":10500}