{"_runtime":361.17867965,"max_true_reward":5.155867576599121,"eval/kl_target_bits":10,"_timestamp":1.7587389839086192e+09,"min_q_target":-14.064146041870117,"actor_entropy":1.7056254148483276,"prior_entropy":29.504047393798828,"alpha_loss":-0.016276448965072632,"eval/episodic_length":195,"episodic_return":242.3356716647505,"variance_q_target":550.5143432617188,"kl_predictor":9.583488464355469,"robust_episodic_return":-0.5499252512164435,"alpha":0.028521273285150528,"mean_q_target":87.68698120117188,"min_true_reward":-1.9430873394012451,"mean_true_reward":0.715150773525238,"env_buffer_length":30435,"eval/episodic_return":-22.718450553918167,"_wandb":{"runtime":361},"eval/video":{"size":293869,"path":"media/videos/eval/video_29999_b8fe808ab0dddec15b2c.mp4","_type":"video-file","sha256":"b8fe808ab0dddec15b2c2ad6182268285aed0b1bc45bf9166c35220ab85c8900"},"eval/video_path":"videos/Walker2d-v5_RPC_kl10.0_dea17t65/eval_step29999_kl10.0.mp4","posterior_entropy":19.827503204345703,"robust_episodic_length":0.2,"lambda_cost":0.010351999240945705,"dual_loss":-1.9034869420835312,"duration_step":0.013812065124511719,"critic_loss":11.791818618774414,"actor_loss":-89.63619232177734,"episodic_length":134,"max_q_target":114.57892608642578,"_step":30500}