{"episodic_return":4633.474940772703,"_wandb":{"runtime":19380},"min_true_reward":-1.9967172145843506,"mean_q_target":320.7001953125,"eval/video_path":"videos/Walker2d-v5/RPC_93_kl3.0_45ruty2u/eval_step499999_kl3.0.mp4","robust_episodic_length":0.2,"kl_predictor":3.0759689807891846,"alpha":0.06798586994409561,"actor_loss":-321.3938903808594,"lambda_cost":0.1032116433047351,"alpha_loss":0.6590449810028076,"eval/episodic_length":1000,"variance_q_target":8395.3330078125,"min_q_target":-2.6063828468322754,"duration_step":0.017414331436157227,"_runtime":19380.276378522,"_step":499999,"prior_entropy":4.635880470275879,"mean_true_reward":3.5599918365478516,"critic_loss":22.88216209411621,"max_q_target":425.8169860839844,"eval/video":{"sha256":"9734d73b99739634618273234acfdf14ab74189281355881f32b32fe1c6f866d","size":1818442,"path":"media/videos/eval/video_499999_9734d73b997396346182.mp4","_type":"video-file"},"episodic_length":1000,"max_true_reward":6.40857458114624,"_timestamp":1.7593722534961476e+09,"env_buffer_length":499468,"eval/episodic_return":4647.758233144602,"dual_loss":0.17251533985531547,"actor_entropy":2.1704511642456055,"posterior_entropy":1.5513436794281006,"robust_episodic_return":0.9218578972161608,"eval/kl_target_bits":3}