{"_step":9996,"episodic_length":12,"_wandb":{"runtime":3},"_runtime":3.200263629,"episodic_return":-3.36818820795637,"env_buffer_length":9997,"_timestamp":1.7605903333127723e+09}