{"eval/episodic_length":1000,"max_q_target":56.4315185546875,"episodic_length":1000,"max_true_reward":2.1985561847686768,"min_true_reward":-1.9462602138519287,"lambda_cost":0.030202452363824746,"mean_true_reward":-0.01984412595629692,"mean_q_target":26.695375442504883,"kl_predictor":2.766749143600464,"_wandb":{"runtime":480},"duration_step":0.013094186782836914,"eval/video":{"path":"media/videos/eval/video_24999_d94d14c41205e537fea8.mp4","_type":"video-file","sha256":"d94d14c41205e537fea815b0c5de370998a015ec52c0a76815da0c8b79694036","size":1703674},"_runtime":480.204924102,"actor_entropy":6.3372111320495605,"prior_entropy":17.28553009033203,"critic_loss":1.0836001634597778,"_step":25000,"min_q_target":10.604634284973145,"posterior_entropy":14.614592552185059,"actor_loss":-27.162214279174805,"episodic_return":-71.62046044705929,"env_buffer_length":25001,"_timestamp":1.7585769541736412e+09,"dual_loss":0.9335823871469259,"robust_episodic_length":0.2,"eval/video_path":"videos/HalfCheetah-v5_RPC_f032fzya/eval_step24999.mp4","robust_episodic_return":0.3189454686838985,"variance_q_target":114.13960266113281,"eval/episodic_return":1592.5136120968687}