{"eval/episodic_return":1000,"max_true_reward":1,"kl_predictor":7.672849655151367,"robust_episodic_return":0.2,"max_q_target":75.91484069824219,"_runtime":316.482533532,"min_q_target":0.9999474883079529,"eval/episodic_length":1000,"min_true_reward":1,"actor_loss":-64.44359588623047,"mean_q_target":61.44562911987305,"actor_entropy":0.4565264582633972,"env_buffer_length":24657,"duration_step":0.012892484664916992,"robust_episodic_length":0.2,"episodic_length":1000,"critic_loss":2.4920175075531006,"_timestamp":1.7585741827115247e+09,"prior_entropy":-36.18634033203125,"dual_loss":-32.1507635714777,"_wandb":{"runtime":316},"episodic_return":1000,"mean_true_reward":1,"posterior_entropy":-44.135765075683594,"eval/video":{"size":76407,"path":"media/videos/eval/video_24999_59d6ca2e6035ef577aab.mp4","_type":"video-file","sha256":"59d6ca2e6035ef577aabdd1b2491fec9a92c008944f2fe91f9b3155d96974db8"},"variance_q_target":609.7896728515625,"lambda_cost":1.0000000000000004e-06,"_step":24999}