{"robust_episodic_return":2.3403155703176726,"episodic_return":-3.36818820795637,"eval/video":{"size":92978,"path":"media/videos/eval/video_9999_1a5a6f536c526ba31401.mp4","_type":"video-file","sha256":"1a5a6f536c526ba31401b9290f8f107d6ca02e3bec364fdda9e4f7b96b2d1b30"},"eval/episodic_return":144.97453054987778,"_wandb":{"runtime":4},"env_buffer_length":9997,"_timestamp":1.760584497001082e+09,"eval/video_path":"videos/Walker2d-v5/RPC_1_kl1.0_RPC_1_kl1_9mta7kco/eval_step9999_kl1.0.mp4","eval/kl_target_bits":1,"robust_episodic_length":1,"eval/episodic_length":121,"_runtime":4.530112351,"_step":9999,"episodic_length":12}