{"env_buffer_length":9001,"_timestamp":1.7592834972746754e+09,"_step":9000,"_wandb":{"runtime":10},"_runtime":10.291284547,"episodic_length":1000,"episodic_return":-223.45640648134855}