{"eval/video_path":"videos/Walker2d-v5/RPC_1_kl-1.0_po0lm8u5/eval_step89999_kl-1.0.mp4","kl_predictor":109.05035400390625,"_timestamp":1.760634102902806e+09,"max_q_target":170.50729370117188,"duration_step":0.012240886688232422,"mean_true_reward":1.2239282131195068,"eval/episodic_return":299.85122178821365,"alpha":0.043686240911483765,"robust_episodic_length":1,"eval/video":{"_type":"video-file","sha256":"093da22b22e88bcd429d4c4f2c67f858e60f1bde4491aa5e2ee0f1286b715394","size":489386,"path":"media/videos/eval/video_89999_093da22b22e88bcd429d.mp4"},"critic_loss":15.402070999145508,"prior_entropy":17.878223419189453,"env_buffer_length":90410,"eval/episodic_length":178.6,"variance_q_target":1536.4708251953125,"eval/kl_target_bits":-1,"episodic_length":275,"actor_loss":-114.83262634277344,"episodic_return":507.13428156678856,"_wandb":{"runtime":907},"max_true_reward":3.657332420349121,"mean_q_target":112.94401550292969,"robust_episodic_return":-2.3563337781320097,"actor_entropy":3.1621439456939697,"min_true_reward":-1.5948255062103271,"_runtime":907.9436595,"alpha_loss":-2.3178117275238037,"_step":90500,"posterior_entropy":-14.138341903686523,"min_q_target":-19.01288604736328}