{"_timestamp":1.7606348108285153e+09,"_step":9999,"eval/episodic_length":94.4,"episodic_return":-3.3681882079563588,"env_buffer_length":9997,"eval/episodic_return":81.80742697655238,"_wandb":{"runtime":4},"episodic_length":12,"_runtime":4.337976461}