{"_timestamp":1.760590333894891e+09,"_wandb":{"runtime":3},"_runtime":3.58823744,"_step":9996,"episodic_length":12,"episodic_return":-3.36818820795637,"env_buffer_length":9997}