{"actor_entropy":2.0554327964782715,"critic_loss":21.997447967529297,"actor_loss":-345.61614990234375,"min_true_reward":-1.6074312925338745,"episodic_return":4720.861169201521,"max_true_reward":6.2516255378723145,"kl_predictor":31.39627456665039,"min_q_target":-22.573486328125,"duration_step":0.051541805267333984,"env_buffer_length":499355,"robust_episodic_return":1.0251066539732576,"eval/episodic_length":1000,"variance_q_target":11626.45703125,"robust_episodic_length":0.2,"prior_entropy":17.780231475830078,"lambda_cost":1.0000000000000004e-06,"alpha":0.06650529056787491,"eval/video":{"size":1946819,"path":"media/videos/eval/video_499999_31a23d8ec3a780182be1.mp4","_type":"video-file","sha256":"31a23d8ec3a780182be11e04534d72578aecc7d2f1386859227b10ebc0959377"},"episodic_length":1000,"eval/episodic_return":4712.307436285717,"mean_true_reward":3.36387038230896,"_step":499999,"mean_q_target":345.30364990234375,"_runtime":19947.70829702,"max_q_target":456.63140869140625,"eval/video_path":"videos/Walker2d-v5/RPC_93_kl60.0_mbeu3spt/eval_step499999_kl60.0.mp4","alpha_loss":-0.9785867929458618,"_timestamp":1.7594493316833375e+09,"posterior_entropy":-14.138344764709473,"dual_loss":-395.17507072155274,"eval/kl_target_bits":60,"_wandb":{"runtime":19947}}