{"robust_episodic_return":2.3403155703176726,"robust_episodic_length":1,"_step":9999,"_timestamp":1.760585341660155e+09,"_wandb":{"runtime":2},"eval/episodic_length":121,"eval/video":{"path":"media/videos/eval/video_9999_aff72af94db0c941d245.mp4","_type":"video-file","sha256":"aff72af94db0c941d24569ba7a95cc57e2df5e52fb54f9661faaaccf2020898c","size":92872},"eval/video_path":"videos/Walker2d-v5/RPC_1_kl1.0_RPC_1_kl1_kk86v5mu/eval_step9999_kl1.0.mp4","_runtime":2.359840248,"eval/kl_target_bits":1,"eval/episodic_return":144.97453054987778}