{"actor_loss":-227.17991638183594,"posterior_entropy":-16.603273391723633,"variance_q_target":4813.61865234375,"env_buffer_length":499273,"episodic_return":3384.172986798087,"_wandb":{"runtime":9806},"prior_entropy":-6.311210632324219,"_runtime":9806.637442388,"_timestamp":1.7587500681768792e+09,"eval/kl_target_bits":10,"eval/episodic_length":71,"alpha_loss":-1.4026726484298706,"eval/video":{"sha256":"e804c297d4a94ada4202b83679e235466309c5b73b51f0f01ee5b6c51acbd78d","size":122938,"path":"media/videos/eval/video_499999_e804c297d4a94ada4202.mp4","_type":"video-file"},"eval/video_path":"videos/Walker2d-v5_RPC_kl10.0_45dbht1c/eval_step499999_kl10.0.mp4","min_q_target":-10.50952434539795,"mean_true_reward":2.624607563018799,"alpha":0.069195955991745,"kl_predictor":10.186917304992676,"min_true_reward":-2.0868334770202637,"critic_loss":12.800025939941406,"robust_episodic_return":0.6093577357316099,"duration_step":0.030049800872802734,"robust_episodic_length":0.2,"actor_entropy":2.342069387435913,"eval/episodic_return":107.7600824361494,"episodic_length":1000,"mean_q_target":226.94235229492188,"lambda_cost":0.005441070030511418,"_step":499999,"max_true_reward":4.824438571929932,"dual_loss":0.9745684072384562,"max_q_target":306.4655456542969}