{"_step":21461,"mean_true_reward":0.06455599516630173,"env_buffer_length":21462,"min_q_target":-1.7662708759307861,"eval/episodic_return":77.22185556387322,"_timestamp":1.7606350900373507e+09,"episodic_return":28.11359792519913,"max_true_reward":1.692224383354187,"duration_step":0.01042628288269043,"min_true_reward":-2.0909616947174072,"variance_q_target":24.182676315307617,"episodic_length":153,"prior_entropy":17.84222984313965,"actor_entropy":7.765415191650391,"critic_loss":1.7762928009033203,"eval/episodic_length":98.6,"eval/video_path":"videos/Walker2d-v5/2025-10-16_13-17-42_RPC_Walker2d-v5_seed_1_kl_0_m9fka3qn/eval_step19999_kl0.0.mp4","kl_predictor":30.185815811157227,"eval/video":{"size":82736,"path":"media/videos/eval/video_19999_ab3503c02221a825b81a.mp4","_type":"video-file","sha256":"ab3503c02221a825b81a2699eda576209bde7bce1b14c8f9d4de18479a6cf5a8"},"posterior_entropy":-8.876429557800293,"alpha_loss":-2.755300283432007,"actor_loss":-16.268661499023438,"eval/kl_target_bits":0,"max_q_target":22.209901809692383,"_runtime":26.635552277,"_wandb":{"runtime":26},"robust_episodic_return":-0.2831518209258943,"alpha":0.740422248840332,"robust_episodic_length":1,"mean_q_target":12.961029052734375}