{"_step":9999,"eval/episodic_length":121,"_runtime":3.793931866,"episodic_length":12,"_wandb":{"runtime":3},"env_buffer_length":9997,"_timestamp":1.760588387145356e+09,"episodic_return":-3.36818820795637,"eval/episodic_return":144.97453054987778}