{"duration_step":0.08028745651245117,"actor_loss":-70.62008666992188,"eval/kl_target_bits":75,"max_true_reward":3.4398927688598633,"actor_entropy":5.805356979370117,"variance_q_target":300.5668029785156,"lambda_cost":1.0000000000000004e-06,"episodic_return":299.21662517537175,"dual_loss":-135.65351337925955,"max_q_target":105.24281311035156,"eval/video":{"_type":"video-file","sha256":"3fff766b6323b51754fc8ecf095dd64226590ed089439ab832b92de722aea75d","size":187632,"path":"media/videos/eval/video_19999_3fff766b6323b51754fc.mp4"},"_timestamp":1.7592611952551696e+09,"min_q_target":-1.8000725507736206,"eval/episodic_length":158,"min_true_reward":-2.0922138690948486,"prior_entropy":20.637962341308594,"mean_q_target":67.25554656982422,"mean_true_reward":0.8295393586158752,"_step":20000,"posterior_entropy":-44.05592727661133,"_runtime":768.949428173,"robust_episodic_return":0.1815258753498324,"eval/video_path":"videos/Walker2d-v5_RPC_1_kl75.0_ac3lx0lq/eval_step19999_kl75.0.mp4","env_buffer_length":19979,"robust_episodic_length":0.2,"episodic_length":177,"_wandb":{"runtime":768},"eval/episodic_return":271.70761546430083,"kl_predictor":65.18106842041016,"critic_loss":24.834856033325195}