{"eval/kl_target_bits":0.1,"_step":499999,"robust_episodic_length":0.2,"min_true_reward":-1.210718035697937,"lambda_cost":0.76373230847128,"variance_q_target":1325.3314208984375,"critic_loss":2.7022805213928223,"episodic_length":158,"actor_entropy":1.6835508346557617,"robust_episodic_return":0.49350591878569594,"max_true_reward":3.42421555519104,"eval/video":{"_type":"video-file","sha256":"d26e426204077d966319597ab682b8e9d4d04633dad04a43919dd68d01b18603","size":152054,"path":"media/videos/eval/video_499999_d26e426204077d966319.mp4"},"eval/video_path":"videos/Walker2d-v5/RPC_53_kl0.1_un0r9ump/eval_step499999_kl0.1.mp4","_timestamp":1.7592975295546842e+09,"actor_loss":-87.9394760131836,"env_buffer_length":499837,"dual_loss":0.0032184282275672465,"episodic_return":276.3760560561979,"mean_q_target":88.03241729736328,"alpha":0.007570145186036825,"posterior_entropy":5.607692718505859,"duration_step":0.07001686096191406,"eval/episodic_return":301.82314284775276,"_runtime":36062.995595606,"_wandb":{"runtime":36062},"min_q_target":-28.391361236572266,"eval/episodic_length":182.4,"max_q_target":116.5013656616211,"alpha_loss":-1.0628256797790527,"kl_predictor":0.11195472627878189,"prior_entropy":5.658727169036865,"mean_true_reward":1.5797004699707031}